"ÄÆ°á»£c hÃ´m mÃ¡t trá»i á»Ÿ nhÃ  Ä‘áº·t bÃºn cÃ¡ vá» Äƒn. Nháº­n Ä‘Æ°á»£c hÃ ng mÃ  báº¥t ngá» quÃ¡ luÃ´n. QuÃ¡n gÃ³i ghÃ©m Ä‘á»“ ráº¥t cáº©n tháº­n, sáº¡ch sáº½. LÃºc mÃ¬nh mang Ä‘á»“ ra sáº¯p bÃ¡t thÃ¬ tháº¥y Ä‘á»“ ráº¥t tÆ°Æ¡i, Ä‘áº¹p, gá»i suáº¥t Ä‘áº§y Ä‘á»§ Ä‘Æ°á»£c 3 miáº¿ng cÃ¡ to, 2 miáº¿ng cháº£ cÃ¡+ 2 con tÃ´m mÃºp mÃ­p rau cÅ©ng sáº¡ch sáº½. NhÃ¬n Ä‘Ã£ tháº¥y cá»±c kÃ¬ hÃ i lÃ²ng.
Vá» hÆ°Æ¡ng vá»‹: nÆ°á»›c dÃ¹ng Ä‘áº­m, ráº¥t rÃµ vá»‹ chua( mÃ¬nh Ä‘áº·c biá»‡t thÃ­ch quÃ¡n bÃºn cÃ¡ nÃ o lÃ m ná»•i báº­t Ä‘Æ°á»£c hÆ°Æ¡ng vá»‹ canh cÃ¡ chua) vÃ  nÆ°á»›c dÃ¹ng tá»« cÃ¡, khÃ´ng bá»‹ tanh. CÃ¡c báº¡n chá»‰ cáº§n cho thÃªm á»›t lÃ  ngon khÃ´ng cáº§n thÃªm gÃ¬ khÃ¡c luÃ´n. CÃ¡ cháº¯c, rÃ¡n giÃ²n, tÃ´m bÃ©o, cháº¯c thá»‹t vÃ  tÆ°Æ¡i, cháº£ cÃ¡ bÃ¬nh thÆ°á»ng khÃ´ng cÃ³ gÃ¬ ná»•i báº­t. NhÃ¬n chung khÃ¡ ngon vÃ  há»£p kháº©u vá»‹ mÃ¬nh"
"LÃ¢u rá»“i má»›i quay láº¡i, khÃ´ng bao giá» Ä‘Ã¡nh giÃ¡ cao Ä‘á»“ Äƒn táº¡i Ä‘Ã¢y, kiá»ƒu giÃ¡ cáº£ Ä‘i Ä‘Ã´i vá»›i cháº¥t lÆ°á»£ng dÃ¹ bÃ¢y giá» giÃ¡ cÅ©ng tÄƒng ra pháº¿t mÃ  cháº¥t lÆ°á»£ng cÃ³ váº» khÃ´ng á»•n lÃªn lÃ  máº¥y. Vá»›i bá»n mÃ¬nh thÃ¬ giá»¯a má»™t Ä‘á»‘ng Ä‘á»“ Äƒn phong phÃº cá»§a spaghetti box thÃ¬ chá»‰ cÃ³ spaghetti lÃ  á»•n nháº¥t rá»“i. CÃ²n salad rá»“i gÃ  rá»“i pizza thÃ´i dáº¹p dÃ¹m. Chá»n 2 Ä‘Ä©a mÃ¬ nÃ y Ä‘á»ƒ Äƒn. MÃ¬ sá»‘t gÃ  kem cá»§a mÃ¬nh Ä‘Ãºng kiá»ƒu nháº¡t kinh khá»§ng. Spicy duck thÃ¬ vá»‹ Ä‘áº­m Ä‘Ã  hÆ¡n tuy nhiÃªn báº¡n mÃ¬nh cÅ©ng nÃ³i lÃ  khÃ´ng ngon ğŸ‘ŒğŸ»khÃ´ng gian cháº­t chá»™i."
"Hellu thÃ¨m mÃ¬ quÃ¡ nÃªn Ä‘Ã£ ra Ä‘Ã¢y Äƒn thá»­ 
Vá»‹ trÃ­: siÃªu dá»… tÃ¬m 
Trang trÃ­: bÃ¬nh thÆ°á»ng thui
NhÃ¢n viÃªn: tá»› tiáº¿p xÃºc vá»›i 4 nhÃ¢n viÃªn thÃ¬ 2/4 ok cÃ²n 2 thÃ¬ chÆ°a Ä‘Æ°á»£c thÃ¢n thiá»‡n láº¯m
Phá»¥c vá»¥: khÃ¡ nhanh nhÃ©
Äá»“ Äƒn: tá»› gá»i mÃ¬ sá»‘t kem náº¥m cÃ²n báº¡n tá»› gá»i mÃ¬ sá»‘t bÃ² rÆ°á»£u vang. Thá»­ cáº£ 2 thÃ¬ tháº¥y Ä‘á»u vá»«a miá»‡ng, dá»… Äƒn. BÃ² thÃ¬ há»£p nhá»¯ng báº¡n nÃ o thÃ­ch Äƒn vá»‹ rÃµ rÃ ng hÆ¡n nhÃ©. CÃ²n sá»‘t kem thÃ¬ há»£p báº¡n nÃ o Äƒn nháº¡t hÆ¡n vÃ  thÃ­ch ngáº­y ngáº­y nhÃ©. Thá»‹t thÃ¬ cáº£ 2 Ä‘á»u nÃªm vá»«a. Vá» salad thÃ¬ Äƒn cho Ä‘á»¡ ngáº¥y thui chá»© tá»› khÃ´ng Ä‘Ã¡nh giÃ¡ cao salad. Menu nÆ°á»›c cÅ©ng phong phÃº Ä‘a dáº¡ng vÃ  Ä‘áº·c biá»‡t lÃ  giÃ¡ thÃ¬ ráº¥t há»£p lÃ­ nheee. 
Highly recommend"
"Äá»“ Äƒn á»•n + má»³ Ã½ háº£i sáº£n sá»‘t ngon nÃ¨ 
NhÃ¢n viÃªn ráº¥t á»•n. Äá»“ Äƒn lÃªn nhanh"
"KhÃ´ng cÃ³ Æ°a SBox láº¯m nhÆ°ng toÃ n chÆ¡i cÃ¹ng vá»›i há»™i báº¡n há» Äá»— tÃªn Khá»‰ vÃ  báº£n thÃ¢n cÅ©ng váº­y nÃªn thá»‰nh thoáº£ng bÃ­ quÃ¡ láº¡i pháº£i zÃ´ Ä‘Ã¢y ğŸ¤’ MÃ¬ sá»‘t kem váº«n khÃ¡ á»•n, máº¥y kiá»ƒu mÃ¬ sá»‘t cÃ  chua chÆ°a bao giá» lÃ  sá»± lá»±a chá»n Æ°u tiÃªn cá»§a mÃ¬nh. TrÃ  Ä‘Ã o uá»‘ng nháº¡t, cháº£ cÃ³ vá»‹ trÃ  Ã½ ğŸ¤¦ğŸ»â€â™‚ï¸
Vá» khÃ´ng gian thÃ¬ hÃ¬nh nhÆ° cÃ³ sá»± thay Ä‘á»•i. Há»“i lÃ¢u lÃ¢u Ä‘áº¿n Ä‘Ã¢y lÃ  ngá»“i bá»‡t, thÃ¬ láº§n nÃ y cÃ³ táº§ng lÃ  Ä‘Æ°á»£c ngá»“i bÃ n gháº¿ rá»“i :))
Äá»“ lÃªn hÆ¡i lÃ¢u dÃ¹ cÅ©ng khÃ´ng Ä‘Ã´ng láº¯m. CÃ¡c báº¡n nhÃ¢n viÃªn phá»¥c vá»¥ bÃª Ä‘á»“ giá»i ğŸ‘ğŸ»"
SÃºp bÃ­ Ä‘á» shop giao lÃ  nhÆ° vÃ¢y...
"Spaghetti Box NÃºi TrÃºc thÃ¬ khÃ´ng cÃ²n gÃ¬ láº¡ Ä‘á»‘i vá»›i mÃ¬nh rá»“i, cÃ¡ch Ä‘Ã¢y cÅ©ng pháº£i ngÃ³t nghÃ©t 10 nÄƒm cÅ©ng Ä‘Ã£ tá»«ng mua pizza á»Ÿ Ä‘Ã¢y láº§n Ä‘áº§u tiÃªn :))
Vá» sau lá»›n hÆ¡n cÃ³ Äƒn thÃªm táº¡i SBox thÃ¬ tháº¥y ráº±ng cÃ³ láº½ pizza lÃ  thá»© chÃ¡n nháº¥t cá»§a quÃ¡n :)) 
Má»³ spaghetti sá»‘t kem cÃ¹ng thá»‹t gÃ  hay thá»‹t nguá»™i thÃ¬ cÅ©ng Äƒn cÅ©ng gáº§n nhÆ° nhau, suáº¥t thá»‹t gÃ  thÃ¬ cÃ³ váº» Ä‘Æ°á»£c cho nhiá»u thá»‹t hÆ¡n. Salad gÃ  Äƒn á»•n, khÃ¡ ngon. SÃºp táº¡m dÃ¹ decor xáº¥u quÃ¡ :)) cÅ©ng chÆ°a bao giá» Ä‘Ã¡nh giÃ¡ á»Ÿ Ä‘Ã¢y decor Ä‘áº¹p cáº£ vá» khÃ´ng gian láº«n mÃ³n Äƒn, giÃ¡ cáº£ ráº» hÆ°á»›ng Ä‘áº¿n nhiá»u Ä‘á»‘i tÆ°á»£ng. KhÃ´ng gian cháº­t háº¹p, bÃ­. CÆ¡ sá»Ÿ nÃ y cÃ³ khÃ´ng gian háº¡n cháº¿ nháº¥t luÃ´n."
"MÃ³n nÃ y giá»‘ng salad má»³ Ã½ hÆ¡n lÃ  spaghetti. Cáº£m nháº­n cÃ³ vá»‹ máº­t ong cho hÆ¡i nhiá»u nÃªn tháº¥y hÆ¡i ngá»t quÃ¡, nhiá»u thá»‹t. Tá»±u chung lÃ  á»•n. Äá»c review tháº¥y mng khen má»³ sá»‘t kem mÃ¹ táº¡t ngon mÃ  trÃªn now láº¡i k tháº¥y cÃ³. Mong quÃ¡n update thÃªm"
"CÃ¡i ngÃ y Ä‘á»‹nh má»‡nh Ä‘Ã£ Ä‘Æ°a mÃ¬nh Ä‘áº¿n vá»›i má»³ láº¡nh sá»‘t mÃ¹ táº¡t cá»§a quÃ¡n. HÃ´m Ä‘Ã³ nhÃ³m mÃ¬nh Ä‘i 5 ngÆ°á»i vÃ  bá»n mÃ¬nh gá»i 5 mÃ³n má»³ cá»§a quÃ¡n, káº¿t quáº£ hoa háº­u cá»§a ngÃ y hÃ´m Ä‘Ã³ lÃ  mÃ³n má»³ láº¡nh sá»‘t mÃ¹ táº¡t. ÄÃ³ lÃ  má»™t sá»± káº¿t há»£p gÃ¢y báº¥t ngá» vá»›i cáº£ nhÃ³m mÃ¬nh luÃ´n Ä‘áº¥y áº¡. Tuy nhiÃªn sau 3 láº§n Äƒn mÃ³n má»³ láº¡nh nÃ y cá»§a quÃ¡n thÃ¬ mÃ¬nh cÃ³ thá»ƒ tháº¥y phong Ä‘á»™ khÃ¡ lÃ  phá»¥ thuá»™c vÃ o ngÆ°á»i lÃ m, vÃ­ dá»¥ nhÆ° hai láº§n trÆ°á»›c mÃ¬nh Äƒn thÃ¬ mÃ¬nh cÃ³ tháº¥y ngon hÆ¡n so vá»›i láº§n gáº§n Ä‘Ã¢y nháº¥t lÃ  hÃ´m nay."
"QuÃ¡n tá»§ cá»§a mÃ¬nh má»—i khi mÃ¬nh khÃ´ng biáº¿t Ä‘i Äƒn á»Ÿ Ä‘Ã¢u :) cÃ¡i menu cá»§a quÃ¡n mÃ¬nh cháº¯c pháº£i thá»­ Ä‘áº¿n 2/3 rá»“i Ä‘áº¥y áº¡ :3 hÃ´m nay mÃ¬nh cÃ³ thá»­ mÃ³n pizza sá»‘ 3, salad cáº£i tÃ­m vÃ  mÃ³n tá»§ cá»§a mÃ¬nh, má»³ láº¡nh sá»‘t mÃ¹ táº¡t. 
CÃ¡ nhÃ¢n mÃ¬nh thÃ¬ salad cáº£i tÃ­m khÃ¡ an toÃ n, mÃ¬ láº¡nh thÃ¬ luÃ´n ngon rá»“i, cÃ²n pizza thÃ¬ mÃ¬nh khÃ´ng thÃ­ch láº¯m."
Äi Äƒn á»Ÿ quÃ¡n tá»« há»“i má»›i lÃªn HÃ  Ná»™i Ä‘áº¿n táº­n bÃ¢y giá». Menu Ä‘a dáº¡ng luÃ´n Ä‘Æ°á»£c cáº­p nháº­t. Trong cÃ¡c quÃ¡n Ä‘á»“ Ã½ váº«n luÃ´n lÃ  quÃ¡n giÃ¡ siÃªu má»m mÃ  cháº¥t lÆ°á»£ng á»•n. Phá»¥c vá»¥ cÅ©ng nhanh nháº¹n má»—i tá»™i quÃ¡n Ä‘Ã´ng quÃ¡. CÃ³ thÃªm nhiá»u cÆ¡ sá»Ÿ vÃ  chia bÃ n gháº¿ rá»™ng ra chÃºt thÃ¬ Äƒn uá»‘ng thoáº£i mÃ¡i hÆ¡n áº¡
"Nháº¯c Ä‘áº¿n spaghetti box, lÃ  1 thÆ°Æ¡ng hiá»‡u mÃ  háº§u nhÆ° sinh viÃªn nÃ o cÅ©ng biáº¿t Ä‘áº¿n vÃ¬ Ä‘á»“ tÃ¢y ráº¥t ráº». Diá»‡n tÃ­ch cá»§a quÃ¡n eo háº¹p, chá»— nÃ o cÅ©ng cháº­t cá»©ng. Má»—i láº§n lÃªn cáº§u thang pháº£i khÃ©p nÃ©p, vá»«a khÃ¡ch Ä‘i lÃªn Ä‘i xuá»‘ng vá»«a nhÃ¢n viÃªn bÆ°ng Ä‘á»“ lÃªn. Ä‘á»“ Äƒn á»Ÿ Ä‘Ã¢y cÃ³ má»™t Ä‘iá»u lÃ  ráº¥t ráº». VÃ¬ váº­y viá»‡c chá» Ä‘á»£i lÃ¢u trá»Ÿ thÃ nh má»™t Ä‘iá»u ráº¥t bÃ¬nh thÆ°á»ng. Pizza á»Ÿ Ä‘Ã¢y má»ng thÃ´i cháº¥m vá»›i tÆ°Æ¡ng á»›t chá»§ yáº¿u cáº£m nháº­n vá»‹ tÆ°Æ¡ng. spaghetti lÃ m khÃ¡ vá»«a váº·n khÃ´ng bá»‹ sÆ°á»£ng vá»‹ ráº¥t phÃ¹ há»£p vá»›i dÃ¢n Viá»‡t Nam"
"Má»³ spaghetti ngon cÆ¡ hÆ¡i buá»“n tÃ­ vá» mÃ³n sÃºp náº¥m tÆ°Æ¡i, SÃºp ship vá» khÃ´ng giá»‘ng vá»›i hÃ¬nh áº£nh cá»­a hÃ ng Ä‘á»ƒ trÃªn now, hÃ¬nh trÃªn now rÃµ lÃ  sÃºp trong nhÆ°ng sÃºp ship vá» láº¡i Ä‘á»¥c vÃ  Ä‘áº­m mÃ¹i sá»‘t kem vÃ  khoai tÃ¢y chá»© khÃ´ng tháº¥y rÃµ Ä‘Æ°á»£c mÃ¹i náº¥m, khÃ¡ tháº¥t vá»ng vÃ¬ mÃ³n sÃºp nÃ y, nhÆ°ng má»³ ok nÃªn sáº½ gá»i láº¡i cÃ²n sÃºp thÃ¬ ko"
"Äá»“ Äƒn cÅ©ng táº¡m Ä‘Æ°á»£c, tuy khÃ´ng chuáº©n láº¯m vÃ  xuáº¥t sáº¯c nhÆ°ng Äƒn Ä‘Æ°á»£c. NhÃ¢n viÃªn thÃ¬ báº£n thÃ¢n mÃ¬nh tháº¥y khÃ´ng Ä‘Æ°á»£c nhiá»‡t tÃ¬nh láº¯m. GiÃ¡ cáº£ thuá»™c trung bÃ¬nh. MÃ  1 Ä‘ieemr dá»Ÿ lÃ  khÃ´ng cÃ³ thÃ¡nh toÃ¡n tháº» hay qua cÃ¡c vÃ­ Ä‘iá»‡n tá»­ nÃªn khÃ´ng Æ°ng cho láº¯m"
"Vá»›i cÃ¡i giÃ¡ quÃ¡ tá»‘t, mÃ¬ bao nhiá»u, sá»‘t bao ngon thÃ¬ tá»› Ä‘Ã£ trá»Ÿ thÃ nh fan trung thÃ nh cá»§a quÃ¡n. Cháº¯c t Ä‘Ã£ Ä‘áº¿n Ä‘Ã¢y Ã­t nháº¥t 5,6 láº§n. 
Vá» má»³ Ã :
Láº§n Ä‘áº§u t gá»i Tetrazzini ( Má»³ sá»‘t kem náº¥m gÃ  ) t bá»‹ báº¥t ngá» vÃ¬ Ä‘á»™ ngon cá»§a nÃ³. Sá»‘t kem ngáº­y, bÃ©o, náº¥m vÃ  gÃ  ráº¥t há»£p vÃ  mÃ¬ thÃ¬ ráº¥t nhiá»u, ráº¥t nhiá»u, ráº¥t nhiá»u.
Láº§n 2 t gá»i Bolognese ( Má»³ sá»‘t cÃ  chua vá»›i rÆ°á»£u vang ). ÄÃ¢y chÃ­nh lÃ  mÃ³n t Äƒn nhiá»u nháº¥t, báº¡n tá»› cÅ©ng ráº¥t káº¿t mÃ³n nÃ y ! Sau nÃ y Ä‘i Äƒn tá»› gá»i Tetrazzini 1 láº§n ná»¯a, cÃ²n láº¡i toÃ n Äƒn Bolo thÃ´i Ã . 
NgÆ°á»i yÃªu tá»› cÃ³ Äƒn thá»­ Má»³ Ã½ sá»‘t cÃ³ Ä‘áº­u vá»›i cÃ¡ thu. MÃ³n nÃ y t tháº¥y khÃ´ng hiá»ƒu sao nhiá»u sá»‘t váº­y, kiá»ƒu gáº¥p rÆ°á»¡i cÃ¡c em má»³ khÃ¡c. Báº¡n ny t khÃ¡ thÃ­ch mÃ³n nÃ y, cÃ²n t tháº¥y nÃ³ hÆ¡i chua quÃ¡ so vá»›i mÃ¬nh.
CÃ²n má»³ Spaghetti truyá»n thá»‘ng thÃ¬ cÅ©ng ngon nhÆ°ng t tháº­t sá»± káº¿t Bolo láº¯m luÃ´n
MÃ³n khÃ¡c :
T cÃ³ Äƒn thá»­ gÃ  nÆ°á»›ng máº­t ong, cÅ©ng á»•n, cÃ²n cÃ³ láº§n gá»i bÃ² bÃ­t táº¿t thÃ¬ dai khÃ´ng chá»‹u Ä‘Æ°á»£c ! Ngá»“i dÃ¹ng dao mÃ  2 Ä‘á»©a hÃ¬ há»¥c hÃ¬ há»¥c cáº¯t mÃ£i má»›i ra Ä‘Æ°á»£c miáº¿ng thá»‹t. 
Vá»‹ trÃ­ quÃ¡n: HÆ¡i nhá», bÃ n nhá», chá»— ngá»“i vá»«a Ä‘á»§, sáº¡ch sáº½, wifi hÆ¡i yáº¿u, ngÃ y trÆ°á»›c khÃ´ng láº¯p wifi nhÆ°ng dáº¡o nÃ y Ä‘Ã£ cÃ³ rá»“i.
NÃ³i chung : Ãªm tÃºi tiá»n, má»³ ngon, chá»‰ nÃªn Äƒn má»³ thÃ´i cÃ²n láº¡i thÃ¬ Äƒn thá»­ chÆ¡i chÆ¡i vÃ¬ giÃ¡ cÅ©ng hÆ¡i chÃ¡t mÃ  cháº¥t lÆ°á»£ng thÃ¬ táº§m trung."
"Láº§n Ä‘áº§u Ä‘áº·t hÃ ng á»Ÿ quÃ¡n tháº¥y ráº¥t hÃ i lÃ²ng. Giao hÃ ng nhanh Ä‘Ãºng giá» , bÃ¡nh ráº¥t ok giÃ¡ cáº£ láº¡i pháº£i chÄƒng :D . Sáº½ tiáº¿p tá»¥c á»§ng há»™ quÃ¡n :3"
"- xin thá» khÃ´ng bh mk Äƒn láº¡i á»Ÿ Ä‘Ã¢y. Tháº¥y mn review Äƒn á»•n nÃªn mk má»›i Ä‘áº¿n Ä‘Ã¢y Äƒn.Báº¡n mÃ¬nh gá»i 1 má»³ classic vs 1 má»³ gÃ¬ áº¥y, thÃªm khoai tÃ¢y chiÃªn. LÃºc nv bÃª ra thÃ¬ mÃ¬nh Ä‘Ã£ tháº¥y cÃ¡i mÃ¹i ná»“ng á»Ÿ pháº§n sá»‘t rá»“i. VÃ  y nhÆ° ráº±ng mÃ¬nh tháº¥y khÃ´ng ngon, Äƒn Ä‘Æ°á»£c Ä‘Ãºng miáº¿ng Ä‘áº§u tiÃªn mÃ¬nh bá» luÃ´n cáº£ Ä‘Ä©a. Sau Ä‘Ã³ mÃ¬nh gá»i 1 salad mÃ¹a xuÃ¢n thÃ¬ dÆ°a chuá»™t Ä‘áº¯ng, cÅ©ng Ã­t thá»‹tğŸ™NÃ³i chung lÃ  mk tháº¥y tá»‡. 
- quÃ¡n khÃ¡ Ä‘Ã´ng nÃªn nhÃ¢n viÃªn phá»¥c vá»¥ cháº­m 1 chÃºt."
"Äá»“ Äƒn giÃ¡ há»c sinh- sinh viÃªn, Ä‘á»“ Äƒn Ä‘a dáº¡ng, Ä‘á»“ Äƒn khÃ´ng quÃ¡ xuáº¥t sáº¯c nhÆ°ng cháº¥t lÆ°á»£ng á»•n, vá»«a miá»‡ng vÃ´ cÃ¹ng cháº¥t lÆ°á»£ng so vá»›i giÃ¡ tiá»n bá» ra. Tuy nhiÃªn vá»‹ trÃ­ khÃ¡ khÃ³ tÃ¬m náº¿u khÃ´ng nhÃ¬n kÄ© cÃ³ thá»ƒ Ä‘i qua. BÃ n cÅ©ng háº§u nhÆ° chá»‰ cÃ³ bÃ n ngá»“i, Ä‘á»“ Äƒn lÃªn khÃ¡ lÃ¢u dÃ¹ng Ä‘Ã´ng hay váº¯ng khÃ¡ch náº¿u Äƒn vá»™i sáº½ khÃ´ng ká»‹p chá» Ä‘á»“ Äƒn lÃªn. Náº¿u cÃ³ nhiá»u thá»i gian Äƒn mÃ  muá»‘n Äƒn thÃ¬ khÃ¡ Ä‘Ã¡ng Ä‘á»ƒ thá»­. NgoÃ i ra quÃ¡n khÃ´ng wifi vÃ¬ mong khÃ¡ch hÃ ng nÃ³i chuyá»‡n vá»›i nhau giao lÆ°u nhiá»u hÆ¡n nÃªn cÅ©ng coi lÃ  1 Ä‘iá»ƒm má»›i."
"Chá»‘n Äƒn uá»‘ng cá»±c phÃ¹ há»£p vá»›i tÃºi tiá»n cá»§a há»c sinh, sinh viÃªn

Spaghetti vÃ  pizza á»Ÿ Ä‘Ã¢y Ä‘á»u ráº¥t ráº» vá»›i má»©c giÃ¡ 30-100k, vÃ¬ váº­y nÃªn mng cÅ©ng k nÃªn yÃªu cáº§u quÃ¡ cao vá» cháº¥t lÆ°á»£ng. MÃ¬nh Ä‘Ã¡nh giÃ¡ cao mÃ¬ hÆ¡n pizza. Sá»£i mÃ¬ luá»™c vá»«a tá»›i, sá»‘t Ä‘Æ°á»£c nÃªm náº¿m vá»«a miá»‡ng, Ä‘áº§y Ä‘áº·n, trang trÃ­ vá»«a máº¯t

Pizza Ã­t nhÃ¢n, phÃ¹ há»£p giÃ¡ tiá»n

RiÃªng salad cÃ¡ ngá»« thÃ¬ cÃ³ hÃ´m bá»‹ tanh, cÃ³ hÃ´m khÃ´ng

MÃ¬nh Ä‘i 3 ngÆ°á»i, gá»i 3 mÃ¬, 1 pizza, 1 salad, 3 nÆ°á»›c Äƒn no cÄƒng, chia ra chÆ°a Ä‘áº¿n 100k/ngÆ°á»i"
"SPAGHETTI BOX
QuÃ¡n nÃ y lÃ  Ä‘á»‹a Ä‘iá»ƒm tá»¥ táº­p cho há»c sinh vá»›i mÆ°ca giÃ¡ phÃ¹ há»£p tÃºi tiá»n. Spaghetti thÃ¬ táº§m 30-40k / Ä‘Ä©a. Pizza cÅ©ng chá»‰ dÆ°á»›i 100k. GiÃ¡ ráº¥t pháº£i chÄƒng. Vá»›i má»©c giÃ¡ nÃ y thÃ¬ má»i ngÆ°á»i khÃ´ng nÃªn kÃ¬ vá»ng mÃ³n Äƒn quÃ¡ nhiá»u. Má»³ á»Ÿ Ä‘Ã¢y Ä‘Æ°á»£c nÃªm náº¿m khÃ¡ vá»«a miá»‡ng, pizza thÃ¬ nhÃ¢n Ã­t há»£p vá»›i giÃ¡ tiá»n.
QuÃ¡n khÃ¡ Ä‘Ã´ng , giá» cao Ä‘iá»ƒm thÃ¬ pháº£i chá» lÃ¢u má»›i Ä‘Æ°á»£c nÃªn Ä‘á»“. CÃ¡c báº¡n cÃ³ thá»ƒ gá»i ship náº¿u khÃ´ng thÃ­ch khÃ´ng gian á»“n Ã o.
á» quÃ¡n khÃ´ng cÃ³ wifi nÃªn cÃ¡c báº¡n vá»«a Ä‘áº¿n vá»«a tÃ¡m chuyá»‡n trÃ¡nh xa smartphone cho tÃ¬nh cáº£m Ä‘i lÃªn!!!"
"Tháº­t sá»± lÃ  lÃ¢u láº¯m rá»“i chÆ°a qua spgt box Äƒn 
QuÃ¡n tá»§ thá»i sinh viÃªn lÃ  Ä‘Ã¢y, Ä‘á»“ Äƒn ok, giÃ¡ má»m. 
MÃ³n mÃ¬nh hay gá»i cÅ©ng lÃ  mÃ³n thÃ­ch nháº¥t lÃ  gÃ  nÆ°á»›ng máº­t ong, pizza háº£i sáº£n tÃ´m má»±c, mÃ¬ Ã½ gÃ  náº¥m sá»‘t kem.
KhÃ´ng pháº£i quÃ¡ ngon Ä‘áº·c biá»‡t nhÆ°ng tháº¥y ráº¥t á»•n vá»›i má»©c giÃ¡ Ä‘áº¥y chá»©.
QuÃ¡n má»›i Ä‘á»•i menu, cÃ³ pizza size M L chá»© khÃ´ng pháº£i 1 size nhÆ° trÆ°á»›c Ä‘Ã¢y ná»¯a
KhÃ´ng gian 3 táº§ng hÆ¡i cháº­t háº¹p, cÃ³ ngÆ°á»i trÃ´ng xe, nhiá»u cÆ¡ sá»Ÿ.
GiÃ¡ táº§m 100k má»™t ngÆ°á»i"
"Spaghetti Box ná»•i tiáº¿ng Ä‘Ã£ lÃ¢u vÃ¬ Ä‘Ã¢y lÃ  nÆ¡i bÃ¡n Ä‘á»“ Äƒn Ã cÃ³ giÃ¡ cáº£ pháº£i chÄƒng nháº¥t. Thay vÃ¬ Äƒn pizza vá»›i giÃ¡ vÃ i trÄƒm nghÃ¬n thÃ¬ cÃ¡c báº¡n hoÃ n toÃ n cÃ³ thá»ƒ thÆ°á»Ÿng thá»©c pizza vá»›i giÃ¡ chÆ°a tá»›i 100k
- KhÃ´ng gian: hÆ¡i háº¹p
- Äá»“ Äƒn: pizza háº£i sáº£n nháº¡t, cheese bá»‹ chua, gÃ  nÆ°á»›ng máº­t ong thÃ¬ khÃ´ng ngáº¥m gia vá»‹, gÃ  phÃ´ mai thÃ¬ phÃ´ mai Äƒn kiá»ƒu gÃ¬ Ã½, kÃ¬ vch, chua vÃ  khÃ´ng cÃ³ mÃ¹i phÃ´ mai. NÃ³i chung lÃ  nuá»‘t Ä‘Æ°á»£c, cá»‘ nuá»‘t .. ğŸ˜‘ğŸ˜‘
- GiÃ¡ cáº£: ráº», ráº¥t sinh viÃªn nÃªn khÃ´ng thá»ƒ Ä‘Ã²i há»i cao hÆ¡n vá» cháº¥t lÆ°á»£ng Ä‘á»“ Äƒn Ä‘Æ°á»£c.
- NhÃ¢n viÃªn nhiá»‡t tÃ¬nh"
"QuÃ¡n nÃ y á»•n pháº¿t nÃ¨ mÃ  giá» má»›i cÃ³ cÆ¡ há»™i thá»­, quÃ¡n cÃ³ 3 hay 4 táº§ng gÃ¬ Ä‘Ã³, lÃºc mÃ¬nh Ä‘áº¿n quÃ¡n hÆ¡i Ä‘Ã´ng nÃªn Ä‘Æ°á»£c xáº¿p ngá»“i á»Ÿ táº§ng 3. Bá»n mÃ¬nh gá»i 1 pizza size L cheese khÃ´ng thÃ´i Ä‘á»ƒ cáº£m nháº­n háº¿t vá»‹ ngon, cÃ´ng nháº­n ngon tháº­t sá»± luÃ´n mÃ  giÃ¡ ko Ä‘áº¯t báº±ng cÃ¡c hÃ£ng pizza khÃ¡c. MÃ¬nh cÃ³ gá»i thÃªm 1 mÃ¬ spaghetty sá»‘t kem ná»¯a, mÃ³n nÃ y thÃ¬ hÆ¡i nháº¡t nháº½o, kem nháº¡t, mÃ¬ sá»£i hÆ¡i bá»‹ cá»©ng chÃºt. QuÃ¡n khÃ¡ Ä‘Ã´ng nhÃ¢n viÃªn, mÃ¬nh chá» khoáº£ng 20 phÃºt thÃ¬ cÃ³ Ä‘á»“, cÅ©ng thÃ´ng cáº£m vÃ¬ quÃ¡n hÆ¡i Ä‘Ã´ng."
"ÄÃ¢y lÃ  má»™t thÆ°Æ¡ng hiá»‡u gáº¯n liá»n vá»›i sinh viÃªn HÃ  Ná»™i vÃ¬ giÃ¡ ráº» mÃ  cháº¥t lÆ°á»£ng láº¡i ráº¥t á»•n. má»—i láº§n tÃ u quÃ¡n nÃ y khÃ´ng gian cháº­t háº¹p bÃ n gháº¿ KÃª sÃ¡t nhau nhÆ°ng lÃºc nÃ o cÅ©ng Ä‘Ã´ng khÃ¡ch nhÃ¢n viÃªn phá»¥c vá»¥ khÃ´ng ká»‹p, thÆ°á»ng pháº£i Ä‘á»£i má»™t lÃºc má»›i cÃ³ Ä‘á»“ Äƒn. Pizza á»Ÿ Ä‘Ã¢y vá»‹ bÃ¬nh thÆ°á»ng nhÆ°ng so vá»›i giÃ¡ thÃ¬ quÃ¡ ráº» chá»‰ cÃ³ vÃ i chá»¥c cho má»™t cÃ¡i pizza. CÃ²n spaghetti nhÆ° tÃªn gá»i cá»§a quÃ¡n lÃ  mÃ³n chÃ­nh vÃ  luÃ´n Ä‘Æ°á»£c Äƒn kÃ¨m nÆ°á»›c sá»‘t ráº¥t há»£p vá»›i vá»‹ Viá»‡t Nam."
"Sbox thá»±c sá»± gáº¯n liá»n vá»›i tuá»•i thÆ¡ cá»§a mÃ¬nh luÃ´n Ã½ vÃ¬ cÃ¡i sá»± giÃ¡ pháº£i chÄƒng vÃ  Ä‘á»“ Äƒn ngon so vá»›i má»©c giÃ¡. PhÃ¹ há»£p vá»›i tá»¥ táº­p Ä‘Ã´ng ngÆ°á»i mÃ  Äƒn chá»‰ táº§m 50-100k/ ngÆ°á»i. MÃ  Ä‘á»ƒ Ä‘áº¿n 100k thÃ¬ cháº¯c lÃ  pháº£i cÃ³ sá»©c Äƒn cá»§a 1 chÃº heo luÃ´n :))
KhÃ´ng biáº¿t Ä‘Ã¢y lÃ  Ä‘iá»ƒm cá»™ng hay Ä‘iá»ƒm trá»« cÆ¡ mÃ  ko cÃ³ wifi :)) máº¥y Ä‘á»©a ngá»“i nhÃ¬n nhau tÃ¬m chuyá»‡n Ä‘á»ƒ nÃ³i, cÆ¡ mÃ  Ä‘á»©a nÃ o Ä‘á»©a náº¥y dÃ¡n máº·t vÃ o Ä‘iá»‡n thoáº¡i cx ko á»•n Ä‘Ã¢u pháº£i khÃ´ng nÃ o ğŸ˜‚ğŸ˜‚ 
Vá» khÃ´ng gian thÃ¬ hÆ¡i cháº­t chá»™i vÃ  Ä‘Ã´ng vÃ o buá»•i trÆ°a vÃ¬ há»c sinh giáº£ng vÃµ vÃ  quanh Ä‘áº¥y ra Äƒn nhiá»u láº¯m,nhÆ°ng thá»±c sá»± lÃ  sbox cháº¥t lÆ°á»£ng ko Ä‘i xuá»‘ng chÃºt nÃ o vÃ  cháº¯c cháº¯n mÃ¬nh sáº½ quay láº¡i ^^"
"Ä‚n á»Ÿ cáº£ 2 cÆ¡ sá»Ÿ cÅ©ng nhiá»u láº§n rá»“i nhÆ°ng nay má»›i review
Äá»“ cá»§a SB cá»±c ráº» luÃ´n áº¥y, giÃ¡ há»c sinh tháº­t sá»±
Pizza á»•n, má»³ thÃ¬ mÃ¬nh Ä‘Ã£ thá»­ cÃ  chua vs cÃ¡ ngá»« háº§u nhÆ° toÃ n gá»i cÃ¡ ngá»«, dá»… Äƒn láº¯m mÃ  ngon ná»¯a â£ï¸â£ï¸
HÃ´m nay cÃ³ thá»­ cáº£ SÆ°á»n nÆ°á»›ng BBQ nhÆ°ng mÃ  mÃ¬nh khÃ´ng thÃ­ch cho láº¯m.
Salad cá»§a SB cÅ©ng ngon láº¯m, sá»‘t nhÆ° kiá»ƒu tá»± lÃ m áº¥y, vá»«a miá»‡ng, dá»… Äƒn ğŸ˜†
GiÃ¡: giÃ¡ tá»« 20k Ä‘á»• lÃªn :))) náº¿u chung 2 ngÆ°á»i Ä‘i Äƒn cáº§m 200k lÃ  Äƒn no luÃ´n rá»“i 
Ã€ nhÃ¢n viÃªn cute, lá»‹ch sá»±
MÃ¬nh cÅ©ng thÃ­ch cÃ¡i sá»± khÃ´ng cÃ³ wf cá»§a quÃ¡n ná»¯a :)) Chá»‰ ngáº¡i má»—i á»Ÿ quÃ¡n lÃ  toÃ n ngá»“i bá»‡t nÃªn pháº£i cá»Ÿi giÃ y, lÃºc váº¯ng thÃ¬ khÃ´ng sao nhÆ°ng lÃºc Ä‘Ã´ng cá»© lá»™n xá»™n cáº£ lÃªn áº¥y ğŸ˜­"
Äá»“ Äƒn khÃ´ng pháº£i lÃ  quÃ¡ xuáº¥t sáº¯c nhÆ°ng khÃ¡ á»•n vÃ  phÃ¹ há»£p so vá»›i tÃºi tiá»n cá»§a há»c sinh sinh viÃªn . Cháº¯c do quÃ¡n khÃ¡ Ä‘Ã´ng nÃªn nhÃ¢n viÃªn phá»¥c vá»¥ hÆ¡i cháº­m vÃ  cÅ©ng khÃ´ng niá»m ná»Ÿ cho láº¯m ))) nhÆ°ng nhÃ¬n chung thÃ¬ má»i thá»© Ä‘á»u khÃ¡ á»•n Ä‘Ã¡ng Ä‘á»ƒ quay láº¡i :3
"HÃ´m nay (24/12) mÃ¬nh vá»«a má»›i Äƒn á»Ÿ Ä‘Ã¢y xong. ThÃ¬ vÃ¬ lÃ  ngÃ y lá»… nÃªn chuyá»‡n quÃ¡n Ä‘Ã´ng mÃ¬nh cÃ³ thá»ƒ hiá»ƒu Ä‘Æ°á»£c. CÅ©ng ngá»“i kiÃªn nháº«n Ä‘á»£i Ä‘áº¿n hÆ¡n 1h Ä‘á»“ng há»“ má»›i ra Ä‘Æ°á»£c Ä‘á»“ Ä‘á»ƒ Äƒn. ThÃ¬ á»Ÿ Ä‘Ã¢y giÃ¡ cáº£ ráº¥t ráº», phÃ¹ há»£p vá»›i sinh viÃªn. NhÆ°ng cháº¥t lÆ°á»£ng Ä‘á»“ Äƒn thÃ¬ á»«m... ko Ä‘Æ°á»£c ok láº¯m. 
MÃ¬nh gá»i 1 salad mÃ¹a xuÃ¢n 1 Creamy Chicken vÃ  1 Bolonese. Bolo Äƒn táº¡m Ä‘Æ°á»£c, Ä‘Æ°á»£c nháº¥t trong 3 mÃ³n mÃ¬nh gá»i. Salad Äƒn chÃ¡n , bá»‹ Äƒn pháº£i chá»— dÆ°a chuá»™t Ä‘áº¯ng sá»£ vÃ£i, sá»‘t kiá»ƒu ngang ngang vÃ  theo cÃ¡ nhÃ¢n mÃ¬nh lÃ  kiá»ƒu ko há»£p láº¯m. CÃ²n cÃ¡i Creamy Chicken thÃ¬ thá»±c sá»± tá»‡ luÃ´n Ã­. Kiá»ƒu ko cÃ³ má»™t tÃ­ vá»‹ gÃ¬, nháº¡t nháº½o kinh khá»§ng. GÃ  cÅ©ng váº­y ko há» tháº¥m 1 chÃºt gia vá»‹ nÃ o. Trá»i Æ¡i mÃ¬nh bá» láº¡i cáº£ ná»­a Ä‘Ä©a vÃ¬ quÃ¡ chÃ¡n máº·c dÃ¹ lÃºc Ä‘Ã³ ráº¥t Ä‘Ã³i vÃ  ngá»“i Ä‘á»£i quÃ¡ lÃ¢u rá»“i.
Tiáº¿p theo lÃ  thÃ¡i Ä‘á»™ nhÃ¢n viÃªn. Äáº§u tiÃªn lÃºc mÃ¬nh Ä‘áº¿n thÃ¬ cÃ³ 1 báº¡n ná»¯ take order cho mÃ¬nh, thÃ¬ báº¡n nÃ y ráº¥t ok, niá»m ná»Ÿ, nháº¹ nhÃ ng vá»›i khÃ¡ch máº·c dÃ¹ lÃºc Ä‘Ã³ full bÃ n. NhÆ°ng sau khi ra Ä‘á»“ Äƒn cho mÃ¬nh thÃ¬ lÃ  1 báº¡n nam khÃ¡c. VÃ  váº¥n Ä‘á» á»Ÿ báº¡n nÃ y, thÃ¡i Ä‘á»™ ráº¥t khÃ´ng tá»‘t. MÃ¬nh cÃ³ nhá» láº¥y giÃºp mÃ¬nh tÆ°Æ¡ng cÃ  tÆ°Æ¡ng á»›t thÃ¬ báº¡n Ã­ kiá»ƒu bÆ¡ mÃ¬nh luÃ´n :). Xong pháº£i gá»i Ä‘áº¿n cáº£ vÃ i láº§n vÃ¬ ko tháº¥y báº¡n ná»¯ kia Ä‘i vÃ o nÃªn mÃ¬nh buá»™c pháº£i gá»i báº¡n nÃ y. VÃ  thÃ¡i Ä‘á»™ cá»§a báº¡n Ã½ ráº¥t buá»“n cÆ°á»i, nhÃ¬n khÃ¡ch kiá»ƒu ráº¥t ko cÃ³ thiá»‡n cáº£m Ã­. Xong láº¥y cho mÃ¬nh 2 chai tÆ°Æ¡ng kiá»ƒu háº¿t luÃ´n rá»“i áº¡? ??? LÃ  nhÆ° tháº¿ nÃ o?
ÄÃ¹a biáº¿t lÃ  ngÃ y lá»… Ä‘Ã´ng khÃ¡ch nhÆ°ng mÃ¬nh cÅ©ng lÃ  khÃ¡ch máº¥t tiá»n Ä‘i Äƒn mÃ  mua bá»±c vÃ o ngÆ°á»i. Ä‚n á»Ÿ SB nhiá»u rá»“i nhÆ°ng cháº¯c tá»« giá» cháº³ng quay láº¡i ná»¯a vÃ¬ quÃ¡ tháº¥t vá»ng"
"MÃ¬nh Ä‘Ã£ Äƒn á»Ÿ quÃ¡n tá»« há»“i sinh viÃªn Ä‘áº¿n nay Ä‘Ã£ Ä‘Æ°á»£c 8-9 nÄƒm. Cháº¥t lÆ°á»£ng Ä‘á»“ Äƒn á»•n nhÆ°ng Ä‘á»“ uá»‘ng tá»± pha ráº¥t tá»‡. KhÃ´ng gian hÆ¡i cháº­t, phá»¥c vá»¥ thÃ¬ hay quÃªn Ä‘á»“ cá»§a khÃ¡ch. NhÆ°ng Ä‘iá»ƒm cá»™ng lá»›n lÃ  giÃ¡ cáº£ há»£p lÃ½, há»£p tÃºi tiá»n. QuÃ¡n cáº§n cáº£i thiá»‡n nhiá»u hÆ¡n. MÃ¬nh váº«n sáº½ quay láº¡i quÃ¡n máº·c dÃ¹ hÃ´m nay gáº·p nhiá»u tháº¥t vá»ng."
Há»“i xÆ°a thÃ¬ mÃ¬nh tháº¥y phá»¥c vá»¥ khÃ¡ lÃ¢u nhÆ°ng bÃ¢y giá» thá»i gian ko cÃ²n lÃ  váº¥n Ä‘á» nan giáº£i cá»§a quÃ¡n ná»¯a. Bá»¥ng Ä‘Ã³i meo vá»«a tá»›i nÆ¡i order Ä‘Æ°á»£c 1 táº¹o lÃ  cÃ³ mÃ³n liá»n ^^ Thá»©c Äƒn ngon vÃ  phá»¥c vá»¥ nhanh
"QuÃ¡n nÃ y cho cÃ¡c báº¡n tráº» tá»¥ táº­p khÃ´ng gian ok. BÃªn giáº£ng vÃµ vá»›i ams hay vÃ o Ä‘Ã¢y. MÃ¬nh cÅ©ng hay vÃ o. GiÃ¡ cÅ©ng tÆ°Æ¡ng Ä‘á»‘i, Ä‘á»“ Äƒn tÃ m táº¡m."
"MÃ¬nh lÃ  khÃ¡ch hÃ ng thÆ°á»ng xuyÃªn cá»§a S'box. Äá»“ Äƒn cháº¥t lÆ°á»£ng, ngon, ráº». Chá»‰ cÃ³ ship Ä‘á»“ hÆ¡i lÃ¢u. ngay cáº£ khi Ä‘áº·t trc má»™t lÃºc rá»“i váº«n pháº£i chá» dÃ i. nhÆ°ng váº«n sáº½ á»§ng há»™ quÃ¡n"
"ÄÃ£ nhiá»u láº§n Äƒn á»Ÿ Ä‘Ã¢y nÃªn mÃ¬nh cÃ³ vÃ i Ä‘iá»u muá»‘n chia sáº». TrÆ°á»›c háº¿t quÃ¡n ráº¥t Ä‘Ã´ng, giá» cao Ä‘iá»ƒm thÃ¬ thÃ´i rá»“i. Do váº­y Ä‘á»“ Äƒn gá»i lÃªn ráº¥t cháº­m, táº§m 15-30p náº¿u nhanh. Khai vá»‹ thÃ¬ theo mÃ¬nh sÃºp khoai bÆ¡ sá»¯a lÃ  ngon nháº¥t. Äá»“ uá»‘ng cÅ©ng cháº£ cÃ³ gÃ¬ nÃªn mÃ¬nh hay gá»i trÃ  sá»¯a truyá»n thá»‘ng. MÃ¬ thÃ¬ mÃ¬nh tháº¥y Bolognese lÃ  á»•n nháº¥t, gia vá»‹ khÃ¡ Ä‘áº­m. CÃ²n háº£i sáº£n cÃ³ 3 con ngao thÃ¬ chá»‰ cÃ³ vá», 2 láº§n Ä‘á»u váº­y cháº£ biáº¿t cÃ³ pháº£i mÃ¬nh Ä‘en hay khÃ´ng. GiÃ¡ cÅ©ng tÆ°Æ¡ng Ä‘á»‘i ráº». Sáº½ quay láº¡i"
"Cháº¯c lÃ  do tay Ä‘áº§u báº¿p nÃªn cÅ©ng cÃ³ khi sá»‘t mÃ¬ bá»‹ loÃ£ng vÃ  nhiá»u dáº§u. NhÆ°ng 90% sá»‘ láº§n mÃ¬nh Äƒn spaghetti Ä‘á»u ráº¥t ngon.

Pizza hay Ä‘á»“ Äƒn khÃ¡c khÃ´ng cÃ³ gÃ¬ Ä‘áº·c biá»‡t láº¯m. CÃ³ salad gÃ  nÆ°á»›ng bÆ¡ lÃ  ngon nháº¥t trong cÃ¡c mÃ³n Äƒn nháº¹. Äá»“ uá»‘ng bÃ¬nh thÆ°á»ng nÃªn mÃ¬nh toÃ n chá»n pepsi. 

Äiá»ƒm trá»« lá»›n nháº¥t lÃ  lÃªn Ä‘á»“ cháº­m. Giá» cao Ä‘iá»ƒm buá»•i trÆ°a vÃ  tá»‘i thÃ¬ xÃ¡c Ä‘á»‹nh lÃ  chá» 45p-60p má»›i báº¯t Ä‘áº§u cÃ³ Ä‘á»“ Äƒn. CÃ³ hÃ´m mÃ¬nh Ä‘áº¿n lÃºc 8h táº§m 9h15 má»›i Ä‘Æ°á»£c Äƒn mÃ³n Ä‘áº§u tiÃªn. Sau Ä‘Ã³ láº¡i tiáº¿p tá»¥c chá»."
Minh gá»i má»³ Ã½ bÃ² báº±m vá»›i má»³ rau cá»§ ngon khÃ¡ ngon nhÃ© ;) giao Ä‘áº¿n cÃ²n nÃ³ng há»•i
"LÃ¢u láº¯m má»›i láº¡i spaghetti box vÃ¬ dc rá»§. HÃ´m áº¥y nhÃ³m mÃ¬nh order máº¥y chiáº¿c pizza vá» cÃ´ng ty Äƒn trÆ°a. Äá»“ lÃ m máº¥t khoáº£ng 20 Ä‘áº¿n 25p, khi giao Ä‘áº¿n bÃ¡nh hÃ£y cÃ²n nÃ³ng. TÃ­nh ra Ä‘á»“ á»Ÿ spagheeti box cÅ©ng tÆ°Æ¡ng Ä‘á»‘i ráº» vÃ¬ chá»§ yáº¿u lsf phá»¥c vá»¥ cÃ¡c Ä‘á»‘i tÆ°á»£ng há»c sinh, sinh viÃªn. BÃ¡nh pizza Äƒn ngon, Ä‘áº¿ bÃ¡nh má»m chá»© k bá»‹ cá»©ng. NhÃ¢n bÃ¡nh dc khÃ¡ nhiá»u, Ä‘áº§y Ä‘áº·n. Pizza giÃ¡ cáº£ dao Ä‘á»™ng tá»« 50k Ä‘áº¿n 100k tuá»³ cá»¡ bÃ¡nh. Má»—i tá»™i dáº·n qÃ¡n cho nhiá»u tÆ°Æ¡ng á»›t, tÆ°Æ¡ng cÃ  mÃ  cho váº«n hÆ¡i Ã­t"
"* Dá»‹ch vá»¥ ship: ráº¥t Ä‘Ãºng giá» ğŸ˜€ğŸ˜€ nhÃ¢n viÃªn thÃ¬ nhanh nháº¹n lá»… phÃ©p. mÃ¬nh ráº¥t hÃ i lÃ²ng vá»›i dá»‹ch vá»¥ ship cá»§a Now
* Äá»“ Äƒn: giÃ¡ sinh viÃªn nÃªn Ä‘á»“ Äƒn cÅ©ng khÃ´ng pháº£i dáº¡ng sang trá»ng gÃ¬. Sá»‘t cÃ  chua vá»‹ vá»«a nhÆ°ng hÆ¡i Ã­t. Sá»£i mÃ¬ hÆ¡i nhá»«. Thá»‹t trong sá»‘t cÅ©ng Ã­t luÃ´n ğŸ˜‚ mÃ¬ spaghetti loáº¡i cÃ³ phÃ´ mai thÃ¬ chá»‰ thÃªm 1 Ã­t phÃ´ mai phÃ­a trÃªn, cÅ©ng dai nhÆ°ng siÃªu Ã­t :( Sáº½ tá»‘t hÆ¡n khi mÃ  mÃ¬ Ã­t Ä‘i vÃ  cÃ¡c thá»© khÃ¡c nhÆ° phÃ´ mai, sá»‘t, thá»‹t Ä‘Æ°á»£c nhiá»u hÆ¡n. CÃ²n cÃ¡i xÃºc xÃ­ch thÃ¬ giÃ¡ hÆ¡i chÃ¡t, Ä‘Æ°á»£c cÃ¡i cáº¯t tá»‰a Ä‘áº¹p ))"
Äá»‹a Ä‘iá»ƒm má»—i láº§n thÃ¨m Ä‘á»“ tÃ¢y lÃ  láº¡i ghÃ© qua bá»Ÿi hÆ°Æ¡ng vá»‹ ngon vÃ  má»©c giÃ¡ khÃ¡ á»•n. Äiá»ƒm trá»« duy nháº¥t cÃ³ láº½ lÃ  phá»¥c vá»¥ hÆ¡i lÃ¢u. BÃ¬nh thÆ°á»ng mÃ¬nh Ä‘áº¿n sáº½ order háº¿t 1 thá»ƒ rá»“i chá» mang dáº§n ra. Ngá»“i chá» mang ra cháº¯c cÅ©ng máº¥t 15-20â€™. CÃ²n náº¿u gá»i Ã­t má»™t khÃ´ng khÃ©o ngá»“i tá»›i Ä‘Ãªm. Hi vá»ng quÃ¡n sáº½ chuáº©n hoÃ¡ quy trÃ¬nh phá»¥c vá»¥ Ä‘á»ƒ rÃºt ngáº¯n thá»i gian khÃ¡ch chá» Ä‘á»“ nhÃ©.
"MÃ¬nh vÃ  nhÃ³m báº¡n Ä‘áº¿n cÆ¡ sá»Ÿ NÃºi TrÃºc Äƒn táº¡i quÃ¡n, bÃ¬nh thÆ°á»ng mÃ¬nh sáº½ Ä‘áº·t qua Now cáº£ nhÃ  a.
QuÃ¡n ráº¥t thoÃ¡ng vÃ  sáº¡ch sáº½ nhÆ°ng Ä‘Ã´ng khÃ¡ch mÃ¬nh chá» Ä‘á»“ khÃ¡ lÃ¢u.
MÃ¬nh cÃ¹ng nhÃ³m báº¡n Ä‘áº·t pizza hawaii, má»³ sá»‘t kem náº¥m vÃ  bÃ¡nh má»³ sá»‘t kem...
GiÃ¡ cáº£ cá»§a quÃ¡n thÃ¬ khÃ¡ á»•n vÃ  Äƒn váº«n ngon nhÆ° ngÃ y thÆ°á»ng. Pizza nhiá»u bÃ² vÃ  dá»©a Äƒn ráº¥t giÃ²n, má»³ vá»«a tá»›i, ko bá»‹ nhÅ©n quÃ¡ nhÆ°ng sá»‘t kem náº¥m thÃ¬ cÃ³ pháº§n hÆ¡i nháº¡t nhoÃ  nhÆ°ng mÃ¬nh váº«n thÃ­ch. 
MÃ¬nh sáº½ cÃ²n ghÃ© quÃ¡n Äƒn vÃ¬ hiá»‡n táº¡i menu quÃ¡n Ä‘ang Ä‘á»•i má»›i vá»›i cÃ¡c pháº§n pizaa.
Báº¡n nÃ o chÆ°a cÃ³ dá»‹p tá»›i thÃ¬ Ä‘áº·t qua now.vn cÅ©ng cÃ³ Ä‘Ã³, giao hÃ ng khÃ¡ nhanh."
"K cháº¥p nháº­n ná»•i phong cÃ¡ch phá»¥c vá»¥ á»Ÿ Ä‘Ã¢y.
K pháº£i phá»¥c vá»¥ cháº­m mÃ  lÃ  k thÃ¨m phá»¥c vá»¥ luÃ´n. HÃ´m nay mÃ¬nh vá»›i báº¡n cÃ³ Ä‘áº¿n vÃ  Ä‘c nv chá»‰ lÃªn táº§ng 2 nhÆ°ng vÃ¬ quÃ¡ Ä‘Ã´ng mÃ¬nh cÃ³ há»i lÃ  Ä‘Æ°á»£c lÃªn táº§ng 3 k vÃ  báº¡n nv ná»¯ nÃ³i cÃ³. LÃªn ngá»“i Ä‘Æ°á»£c 1 lÃºc k 1 nv nÃ o lÃªn báº­t quáº¡t báº­t Ä‘iá»‡n vÃ  order báº¡n mÃ¬nh quay xuá»‘ng há»i thÃ¬ Ä‘c 1 báº¡n nam tl ""NhÆ°ng trÃªn táº§ng 3 k báº­t Ä‘iá»u hoÃ  Ä‘Ã¢u áº¡"" báº¡n mÃ¬nh báº£o dÃ¹ng quáº¡t cÅ©ng Ä‘c thÃ¬ láº¡i nÃ³i ""táº§ng 3 k hoáº¡t Ä‘á»™ng báº¡n xuá»‘ng táº§ng 2 giÃºp mÃ¬nh"". Æ  nhÆ° nÃ o?náº¿u mÃ  k hoáº¡t Ä‘á»™ng sao k nÃ³i ngay tá»« Ä‘áº§u mÃ¬nh há»i trÆ°á»›c má»›i lÃªn chá»© cÃ³ pháº£i tá»± Ã½ lÃªn Ä‘Ã¢u? CÅ©ng Ä‘Ã£ xuÃ´i xuÃ´i Ä‘á»ƒ xuá»‘ng r thÃ¬ tháº¥y 3 ngÆ°á»i khÃ¡c lÃªn ngá»“i. Bá»±c quÃ¡ nÃªn bá»n mÃ¬nh Ä‘i vá» luÃ´n. NhÃ¢n viÃªn thÃ¬ hÆ¡n chá»¥c ng mÃ  phá»¥c vá»¥ kÃ©m k chá»‹u Ä‘c."
"Review vá» quÃ¡n vÃ  dá»‹ch vá»¥ giao hÃ ng cá»§a Now
ğŸ›µ Dá»‹ch vá»¥ ship: ráº¥t Ä‘Ãºng giá». mÃ¬nh ráº¥t hÃ i lÃ²ng vá»›i dá»‹ch vá»¥ ship cá»§a Now
ğŸ¥— Äá»“ Äƒn cá»§a quÃ¡n: giÃ¡ sinh viÃªn nÃªn Ä‘á»“ Äƒn cÅ©ng khÃ´ng pháº£i dáº¡ng sang trá»ng gÃ¬. CÃ³ máº¥y mÃ³n salad á»Ÿ quÃ¡n mÃ¬nh Äƒn ráº¥t Æ°ng Ã½. Sá»‘t cÃ  chua vá»‹ vá»«a nhÆ°ng hÆ¡i Ã­t so vá»›i sá»‘ lÆ°á»£ng mÃ¬ . Thá»‹t trong sá»‘t cÅ©ng Ã­t luÃ´n,mÃ¬ spaghetti loáº¡i cÃ³ phÃ´ mai thÃ¬ chá»‰ thÃªm 1 Ã­t phÃ´ mai phÃ­a trÃªn, cÅ©ng dai nhÆ°ng Ã­t. Sáº½ tá»‘t hÆ¡n khi mÃ  mÃ¬ Ã­t Ä‘i vÃ  cÃ¡c thá»© khÃ¡c nhÆ° phÃ´ mai, sá»‘t, thá»‹t Ä‘Æ°á»£c nhiá»u hÆ¡n"
"QuÃ¡n lÃ m ráº¥t lÃ¢u, pháº£i chá» gáº§n 30p, Ä‘Æ¡n nÃ o mÃ  cÃ³ pizza thÃ¬ Ã´i dá»i, lÃ¢u ná»¯a. Xuá»‘ng giá»¥c má»›i cÃ³ Ä‘á»“, há»i thu ngÃ¢n cÃ³ chÆ°a, cÅ©ng cháº£ thÃ¨m Ä‘oÃ¡i hoÃ i, tháº¥y ráº¥t thiáº¿u chuyÃªn nghiá»‡p. Láº§n cuá»‘i mÃ¬nh Äƒn á»Ÿ Ä‘áº¥y"
"Ä‚n nhiá»u ko Ä‘áº¿m xuá»ƒ nÃªn má»›i gÃ³p nháº·t Ä‘á»ƒ review láº§n thá»© 2. Láº§n nÃ y Ä‘áº¿n giÃ¡ rá»• khÃ¡c, menu khÃ¡c, nhÃ¬n chung sá»©c Äƒn giáº£m mÃ  giÃ¡ váº«n tháº¿ :))) nhÆ°ng so vs giÃ¡ bÃªn ngoÃ i thÃ¬ tÄƒng nhÆ° váº­y cÅ©ng Ä‘Ãºng thÃ´i, cÅ©ng coi lÃ  cÃ¡ch Ä‘á»ƒ Sbox cáº£i tiáº¿n cháº¥t lÆ°á»£ng vÃ  dá»‹ch vá»¥.

ChÃºng má»«n gá»i Creamy chicken vÃ  creamy passion chicken 36k/suáº¥t. MÃ¬nh tháº¥y Äƒn khÃ¡ nháº¡t vÃ  ko dÃ nh cho nhá»¯ng ng sá»£ ngáº¥y :))) thá»‹t táº©m á»•n, ko quÃ¡ má»¡ nhÆ°ng lÃ m hÆ¡i áº©u nhÃ©, cÃ³ chá»— thá»‹t váº«n cÃ²n Ä‘Ã³ng vÃ¡ng má»¡ vÃ ng vÃ ng, mÃ  má»³ thÃ¬ váº«n nÃ³ng, quáº©y mÃ£i ko háº¿t vÃ¬ ngáº¥y ğŸ˜‚ 2 suáº¥t nÃ y Äƒn gáº§n giá»‘ng nhau, ko tháº¥y vá»‹ chanh leo khÃ¡c biá»‡t Ä‘Ã¢u cáº£..

NgoÃ i ra mÃ¬nh gá»i thÃªm 1 pizza sá»‘ 8 sz M nhÃ¢n cÃ¡ ngá»« vÃ  thá»‹t hun khÃ³i 59k, giÃ¡ tÄƒng hÆ¡n háº³n lÃºc trc vÃ  sz cÅ©ng to hÆ¡n. Ä‚n khÃ¡ hÆ¡n há»“i xÆ°a, vá»‹ cÃ¡ khÃ¡ rÃµ, cÃ³ ngÃ´, hÃ nh vÃ  Ä‘iá»ƒm sÃ¡ng hÆ¡n so vs má»³ Ã½. NÆ°á»›c mÃ¬nh gá»i TrÃ  ÄÃ o 24k vÃ  Lassi viá»‡t quáº¥t 23k, nÃ³i chung Ä‘c vÃ  chá»‘ng ngáº¥y tá»‘t. 

Tá»« lÃºc Ä‘áº·t Ä‘á»“ cÃ¡c báº¡n nv cÅ©ng háº¹n 30â€™ chá» Ä‘á»“, nv trau chuá»‘t vÃ  chuyÃªn nghiá»‡p hÆ¡n rá»“i. Ko gian cháº­t chá»™i váº«n lÃ  váº¥n Ä‘á» cáº§n cáº£i thiá»‡n, chÆ°a ká»ƒ ráº¥t á»“n khi chá»‰ cáº§n cÃ³ 1 em bÃ© Ä‘Ã¡ng yÃªu nÃ o Ä‘Ã³ quáº¥y lÃ  cáº£ phÃ²ng Ä‘c nghe bÃ i hÃ©t cao Ä‘á»™ luÃ´n :))) ai ko quÃ¡ khÃ³ tÃ­nh -nhÆ° mÃ¬nh thÃ¬ váº«n cÃ³ nhiá»u lÃ­ do Ä‘á»ƒ quay láº¡i nÆ¡i nÃ y ğŸ˜†ğŸ˜†"
"* Dá»‹ch vá»¥ ship: ráº¥t Ä‘Ãºng giá» ğŸ˜€ğŸ˜€ mÃ¬nh ráº¥t hÃ i lÃ²ng vá»›i dá»‹ch vá»¥ ship cá»§a Now
* Äá»“ Äƒn: giÃ¡ sinh viÃªn nÃªn Ä‘á»“ Äƒn cÅ©ng khÃ´ng pháº£i dáº¡ng sang trá»ng gÃ¬. Sá»‘t cÃ  chua vá»‹ vá»«a nhÆ°ng hÆ¡i Ã­t so vá»›i sá»‘ lÆ°á»£ng mÃ¬ khá»•ng lá»“ kia. Sá»£i mÃ¬ hÆ¡i nhá»«. Thá»‹t trong sá»‘t cÅ©ng Ã­t luÃ´n ğŸ˜‚ mÃ¬ spaghetti loáº¡i cÃ³ phÃ´ mai thÃ¬ chá»‰ thÃªm 1 Ã­t phÃ´ mai phÃ­a trÃªn, cÅ©ng dai nhÆ°ng Ã­t. Sáº½ tá»‘t hÆ¡n khi mÃ  mÃ¬ Ã­t Ä‘i vÃ  cÃ¡c thá»© khÃ¡c nhÆ° phÃ´ mai, sá»‘t, thá»‹t Ä‘Æ°á»£c nhiá»u hÆ¡n"
"LÃ¢u láº¯m má»›i quay láº¡i Ä‘á»‹a Ä‘iá»ƒm háº¹n hÃ² thá»§a xÆ°a cÃ¹ng báº¡n giai. Ä‚n xong háº¿t mÃ¬ Ã½ mÃ£i rá»“i pizza má»›i ra nÃªn quÃªn chá»¥p luÃ´n
Äá»“ Äƒn váº«n bao nÄƒm nhÆ° váº­y khÃ´ng thay Ä‘á»•i nhÆ°ng giÃ¡ Ä‘Ã£ thay Ä‘á»•i rá»“i nhaa, láº§n nÃ y tháº¥y Ä‘Ã£ Ä‘á»•i tá» menu vÃ  pizza Ä‘Ã£ Ä‘á»•i giÃ¡ theo size M vÃ  L nhÃ¡
MÃ¬nh váº«n luÃ´n gá»i nhá»¯ng mÃ³n nhÆ° nÃ y vÃ  thÃªm pizza háº£i sáº£n (sá»‘ 6) má»—i láº§n Ä‘áº¿n vÃ¬ tháº¥y vá»«a miá»‡ng vÃ  cÅ©ng Ä‘á»§ no hihi"
"QuÃ¡n háº¹n hÃ² cá»§a nhiá»u tháº¿ há»‡ ))) tá»« tÃ¬nh iu bá» xÃ­t chÃ­p bÃ´ng Ä‘áº¿n nhá»¯ng ngÆ°á»i trÆ°á»Ÿng thÃ nh. QuÃ¡ lÃ  quen thuá»™c cho gáº§n-bá»•-ráº» chá»© xÃ©t vá» Ä‘á»™ ngon thÃ¬ váº¥n Ä‘á» tiá»n nÃ o cá»§a náº¥y lÃ  Ä‘Ãºng trong TH nÃ y rá»“iğŸ˜…
Vá»›i mÃ¬nh thÃ¬ sá»‘ tiá»n áº¥y mÃ  cháº¥t lÆ°á»£ng cá»§a quÃ¡n tháº¿ nÃ y lÃ  quÃ¡ ok rá»“i mÃ . MÃ¬nh khÃ¡ch quen á»Ÿ Ä‘Ã¢y luÃ´n áº¥y

ğŸ˜±
Trong áº£nh lÃ  mÃ¬ papalina vÃ  bÃ² nÆ°á»›ng phomai nhÃ©. 
MÃ¬ vá»«a nhÆ°ng sá»‘t chÆ°a Ä‘c ngáº­y (cháº¯c do quÃ¡n Ä‘Ã´ng nÃªn vá»™i thÃ´i) cÃ²n vá» bÃ² thÃ¬ Äƒn dai ngon chÃ­n tá»›i háº¥p dáº«nâ¤ï¸â¤ï¸khoai tÃ¢y nÃ³ng há»•i phomai cháº£y nhÃ¬n háº¥p dáº«n!!
MÃ¬nh hay gá»i trÃ  dilmad dÃ¢u/ báº¡c hÃ  vÃ  trÃ  Ä‘Ã o tháº¥y ráº¥t ok ngá»t dá»‹u vÃ  mÃ¡t.

ğŸ”ˆğŸ”ˆ
â€¢ BÃ n vá» ko gian thÃ¬ quÃ¡n hÆ¡i nhá» nhÆ°ng cÃ³ tá»›i táº­n 5 táº§ng nÃªn ko bao giá» sá»£ thiáº¿u chá»— chá»‰ sá»£ thiáº¿u tgian ko Ä‘á»£i Ä‘c Ä‘á»“ vÃ¬ quÃ¡ lÃ¢u))))) Ä‘Ã¢y lÃ  Ä‘iá»u mÃ¬nh muá»‘n quÃ¡n kháº¯c phá»¥c dÃ¹ biáº¿t nÃ³ khÃ³ Ã½ cÄƒn báº£n quÃ¡n hÃºt khÃ¡ch quÃ¡ mÃ  lÃ m ko xuá»ƒ.
â€¢ Äi Äƒn thá»‰nh thoáº£ng gáº·p máº¥y báº¡n rau mÃ¹i á»Ÿ chÃ¢n hay máº¥y báº¡n ngá»“i kiá»ƒu bÃ nh trÆ°á»›ng hÆ¡i tá»¥t mood nhÆ°ng mÃ¬nh cá»‘ thÃ´ng cáº£m vÃ¬ quÃ¡n ngá»“i bá»‡t vÃ  thÃ¡o giáº§y vá»›i bÃ n kÃª sÃ¡t nhau ná»¯a nÃªn Ä‘Ã´i khi ko trÃ¡nh dc va cháº¡m. DÃ¹ sao thÃ¬ quÃ¡n nÃªn xá»‹t phÃ²ng khá»­ mÃ¹i thÆ°á»ng xuyÃªn mÃ¬nh nghÄ© nÃ³ sáº½ Ä‘á»¡ Ä‘i cÃ¡i mÃ¹i thÃ´i ko cÃ³ gÃ¬ cáº£. 
> Äáº¥y lÃ  2 Ä‘iá»u mÃ¬nh nghÄ© quÃ¡n nÃªn kháº¯c phá»¥c!!

ğŸ‘±ğŸ¼â€â™€ï¸ğŸ‘±ğŸ»& ğŸ’¸
nhÃ¢n viÃªn order thÃ¬ hÃ´m gáº·p báº¡n nhiá»‡t tÃ¬nh hÃ´m thÃ¬ gáº·p báº¡n hÆ¡i lÆ¡ Ä‘á»…nh nhÆ°ng dÃ¹ sao cÃ¡c báº¡n á»Ÿ Ä‘Ã¢y Ä‘á»u ráº¥t ngoan, bÃª Ä‘Ä©a ráº¥t chuyÃªn nghiá»‡p:))) dá»n bÃ n cÅ©ng nhanh ná»¯a. 
nchung má»—i bá»¯a cÄƒng nháº¥t thÃ¬ 100-120k/nguoi ko thÃ¬ bthg chá»‰ cÃ³ 50-70k/ ngÆ°á»i lÃ  vá»«a xinh thÃ´iâ¤ï¸â¤ï¸"
"* GÃ“C QUÃN QUEN * 
 --- MÃ¬nh Äƒn á»Ÿ Ä‘Ã¢y khÃ¡ nhiá»u hÃ´m nay má»›i cÃ³ dá»‹p review cho quÃ¡n :)

 --- Vá»‹ trÃ­ : QuÃ¡n náº±m trong ngÃµ 12 NÃºi TrÃºc cÅ©ng khÃ´ng quÃ¡ khÃ³ Ä‘á»ƒ tÃ¬m .KhÃ´ng gian quÃ¡n nhá» nÃªn khi Ä‘Ã´ng khÃ¡ch thÃ¬ khÃ¡ lÃ  tráº­t chá»™i cÃ³ khi khÃ¡ch pháº£i chá» . Mong quÃ¡n sáº½ cáº£i thiá»‡n má»Ÿ rá»™ng thÃªm :) . Táº§ng má»™t lÃ  lÃ  táº§ng náº¥u Ä‘á»“ cÃ²n khÃ¡ch thÃ¬ ngá»“i tá»« táº§ng 2 trá»Ÿ lÃªn . MÃ¬nh thÃ­ch nháº¥t á»Ÿ Ä‘Ã¢y má»™t Ä‘iá»ƒm lÃ  k cÃ³ wifi Ä‘á»ƒ dÃ¹ng . Thay vÃ o viá»‡c má»i ng cá»© cáº¯m Ä‘áº§u Ä‘iá»‡n thoáº¡i lÃªn máº¡ng thÃ¬ má»i ng sáº½ nÃ³i chuyá»‡n vá»›i nhau :) cÃ¡i nÃ y khÃ¡ thÃº vá»‹ 

-- Cháº¯c báº¡n nÃ o hay Äƒn thÃ¬ khÃ´ng cÃ²n láº¡ láº«m gÃ¬ vá»›i nhá»¯ng mÃ³n quen cá»§a quÃ¡n . MÃ¬nh cÃ³ gá»i má»™t classic size vÃ  má»™t piza kÃ¨m nÆ°á»›c . MÃ¬ sá»£i khÃ¡ má»m sá»‘t Äƒn cÅ©ng vá»«a miá»‡ng vÃ  khÃ¡ nhiá»u thá»‹t :) . Piza thÃ¬ nhÃ¢n nhiá»u vá» bÃ¡nh má»m khÃ´ng quÃ¡ cá»©ng 
 
--- NhÃ¢n viÃªn : CÃ¡c báº¡n nhÃ¢n viÃªn á»Ÿ Ä‘Ã¢y khÃ¡ lÃ  lá»… phÃ©p vÃ  ráº¥t nhiá»‡t tÃ¬nh . MÃ¬nh oder xong cÃ¡c báº¡n thÆ°á»ng báº£o chá» tá»« 20 Ä‘áº¿ 30 phÃºt nhÆ°ng mÃ¬nh nghÄ© chá»‰ táº§m 10 Ä‘áº¿n 15 phÃºt lÃ  cÃ³ Ä‘á»“ :)

--- GiÃ¡ : GiÃ¡ cáº£ thÃ¬ cÃ¡c b khÃ´ng pháº£i lo Ä‘Ã¢u Äƒn no cÄƒng cÅ©ng chá»‰ táº§m 200k cho 2 ng cáº£ nÆ°á»›c uá»‘ng vÃ  Ä‘á»“ Äƒn :)"
"Tá»± nhiÃªn thÃ¨m mÃ¬ Ã½ nÃªn hai Ä‘á»©a lÃ´i nhau Ä‘i Äƒn. ÄÃºng lÃ  bao nhiÃªu nÄƒm váº«n khÃ´ng Ä‘á»•i, giÃ¡ há»c sinh mÃ  Äƒn thÃ¬ Ä‘iá»ƒm 9 cho cháº¥t lÆ°á»£ng luÃ´n.MÃ¬nh Äƒn á»Ÿ Ä‘á»‹a chá»‰ trong ngÃµ cáº¡nh trÆ°á»ng quá»‘c táº¿ Viá»‡t PhÃ¡p, khÃ´ng gian khÃ´ng rá»™ng rÃ£i láº¯m Ä‘áº¥u. CÃ³ 4 táº§ng nhÆ°ng cáº§u thang lÃªn xuá»‘ng Ä‘áº¿n chá»— ngá»“i tÆ°Æ¡ng Ä‘á»‘i háº¹p, mÃ  táº§m trÆ°a vá»›i tá»‘i thÃ¬ lÃºc nÃ o cÅ©ng Ä‘Ã´ng, cá»™ng vá»›i viá»‡c quÃ¡n khÃ´ng cÃ³ wifi nÃªn thá»±c sá»± khÃ´ng nÃªn ngá»“i lÃ¢u. Tuy nhiÃªn ngoÃ i Ä‘iá»ƒm trá»« vá» khÃ´ng gian thÃ¬ menu Ä‘á»“ Äƒn Ä‘áº¿n cháº¥t lÆ°á»£ng mÃ³n Ä‘á»u Ä‘Ã¡nh giÃ¡ cao. Má»³ Ã½ minh hay Äƒn lÃ  carbonara vÃ  creamy chicken- cÃ¡i nÃ y há»£p vá»›i nhá»¯ng ngÆ°á»i thÃ­ch Äƒn hÆ¡i ngáº­y. NgoÃ i ra cÃ²n nhiá»u loáº¡i khÃ¡c Ä‘a dáº¡ng cÅ©ng Ä‘Ã¡ng thá»­, nhÆ°ng Ä‘á»£t nÃ y cÃ³ váº» nháº¡t hÆ¡n. NgoÃ i mÃ½ cÃ²n cÃ³ pizza, nÆ°á»›c ngá»t, cÃ¡c mÃ³n máº·n dao Ä‘á»™ng giÃ¡ chung trong khoáº£ng tá»« 10-70k. MÃ  tiá»n nÃ o cá»§a náº¥y thÃ´i, pizza mÃ  khÃ´ng so vá»›i máº¥y hÃ£ng lá»›n thÃ¬ cÅ©ng Ä‘Ã£ á»•n rá»“i. PS: Má»³ Ã½ nÃªn Äƒn luÃ´n nhÃ©, vÃ¬ Ä‘á»ƒ lÃ¢u nguá»™i Äƒn kÃ¨m sá»‘t khÃ´ng ngon ná»¯a Ä‘Ã¢uuuu"
"MÃ¬nh Ä‘Ã£ Äƒn á»Ÿ Ä‘Ã¢y ráº¥t nhiá»u láº§n rá»“i vÃ  cÅ©ng thá»­ qua háº§u háº¿t cÃ¡c mÃ³n á»Ÿ Ä‘Ã¢y. HÃ´m nay ráº£nh ráº£nh ngá»“i viáº¿t :D
Äáº§u tiÃªn vá» vá»‹ trÃ­ quÃ¡n khÃ¡ xa chÃ´ mÃ¬nh (hÃ  Ä‘Ã´ng) bÃ¬nh thÆ°á»ng mÃ¬nh Ä‘i xe mÃ¡y nhÆ°ng Ä‘i Ä‘Ã´ng thÃ¬ Ä‘i grab Ä‘Æ°á»ng giáº£ng vá»— thÃ¬ khÃ¡ táº¯c, quÃ¡n ngay Ä‘áº§u ngÃµ nÃªn cÅ©ng khÃ´ng khÃ³ tÃ¬m, nhÃ¢n viÃªn giÅ© xe nhiá»‡t tÃ¬nh dÃ¹ mÆ°a hay náº¯ng.
Vá» nhÃ¢n viÃªn quÃ¡n thÃ¬ toÃ n trai xinh gÃ¡i Ä‘áº¹p thÃ´i áº¡! Phá»¥c vá»¥ nhanh nháº¹n, chu Ä‘Ã¡o.
Äá»“ Äƒn thÃ¬ order trÆ°á»›c mÃ¬nh Ä‘á»i khÃ¡ lÃ¢u má»›i cÃ³ Ä‘á»“ nhÆ°ng tháº¥y cÃ ng ngÃ y cÃ ng cáº£i thiá»‡n áº¡! Äá»™i ngÅ© báº¿p chuyÃªn nghiá»‡p, mÃ³n cÅ©ng váº«n giÅ© nguyÃªn Ä‘Æ°á»£c mÃ¹i vá»‹ nhÆ° láº§n Ä‘áº§u mÃ¬nh Äƒn.
Ä‚n quen rá»“i nÃªn mÃ¬nh trung thÃ nh vá»›i pizza sá»‘ 3, má»³ classic, bÃ² phÃ´ mai, salat thg tÃ¹y há»©ng tÃ¹y hÃ´m, vÃ  pesi 
MÃ¬nh nghÄ© vá»›i nhá»¯ng báº¡n láº§n Ä‘áº§u Äƒn thÃ¬ nÃªn chá»n thá»±c Ä‘Æ¡n nhÆ° váº­y, dá»… tiáº¿p cáº­n mÃ³n Äƒn.
ÄÃ¡nh giÃ¡ riÃªng vá» má»³ sá»£i má»³ má»m, dÃ i vá»«a, sá»‘t vá»«a váº·n,.
Pizza Ä‘áº¿ má»m vá»«a, topping Ä‘áº§y Ä‘á»§, phÃ´ mai khÃ¡ nhiá»u nÃ³i chung ráº¥t ok size nhÆ° váº­y thÃ¬ cÅ©ng vá»«a táº§m Äƒn, 2ng thÃ¬ 1-2 chiáº¿c lÃ  há»£p lÃ½.
BÃ² phÃ´ mai cÅ©ng lÃ  mÃ³n Æ°a thÃ­ch luÃ´n, vá»‹ vá»«a váº·n, ngá»t cá»§a bÃ² thÆ¡m bÃ©o, máº·n máº·n cá»§a phÃ´ mai, thÃªm khoai tÃ¢y chiÃªn giÃ²n ná»¯a, Äƒn ráº¥t Ä‘Ã£.
 Sau nhiá»u láº§n Äƒn á»Ÿ Ä‘Ã¢y mÃ¬nh Äƒn thá»­ vá»›i nhiá»u loáº¡i khÃ¡c nhÆ° gÃ , vá»‹ pizza khÃ¡c nhÆ°ng cuá»‘i cÃ¹ng váº«n trung thÃ nh vá»›i thá»±c Ä‘Æ¡n trÃªn, dá»… Äƒn vÃ  há»£p kháº©u vá»‹.
 Cuá»‘i cÃ¹ng giÄƒ cáº£ thÃ¬ theo kinh nghiá»‡m cá»§a mÃ¬nh so vá» cháº¥t vÃ  giÃ¡ thÃ¬ quÃ¡ ok luÃ´n áº¡ nÃªn mÃ¬nh váº«n luÃ´n chá»n quÃ¡n lÃ m nÆ¡i Ä‘Ãªn má»—i dá»‹p nghá»‰. Máº¯c cÃ¡i lÃ  ngÃ y nghá»‰ thÃ¬ quÃ¡n siÃªu Ä‘Ã´ng ace Ä‘i thÃ¬ Ä‘i sá»›m xÃ­u nhÃ . Láº§n nÃ o Ä‘i cÅ©ng cÄƒng bá»¥ng Ä‘i vá»! Ráº¥t thÃ­ch quÃ¡n!"
"Äá»“ Äƒn á»Ÿ quÃ¡n ráº¥t ngon nhÆ°ng ngáº¡i Ä‘i xa nÃªn mÃ¬nh gá»i ship, ship Ä‘áº¿n mÃ  Ä‘á»“ Äƒn váº«n cÃ²n nÃ³ng há»•i khÃ´ng khÃ¡c gÃ¬ ra táº­n Ä‘áº¥y Äƒn ğŸ˜† Sáº½ tiáº¿p tá»¥c á»§ng há»™ ğŸ‘ğŸ»"
"Spaghetti á»Ÿ Ä‘Ã¢y Äƒn khÃ¡ á»•n, giÃ¡ vá»‹ cÅ©ng vá»«a, lÃºc má»›i mang ra nhÃ¬n in Ã­t nhÆ°ng Äƒn xong cÅ©ng khÃ¡ no, pizza Äƒn ngon má»—i tá»™i hÆ¡i nhá»"
Vá»‘n thÃ­ch dÃ²ng sá»pa gÃ©t ti nhÆ°ng chÆ°a thá»­ háº¿t cÃ¡c loáº¡i nay mÃ¬nh láº¡i cÃ³ dá»‹p Ä‘áº·t Ä‘á»“ á»Ÿ quÃ¡n qua app now. Äá»“ Äƒn bÃªn quÃ¡n khÃ¡ lÃ  ngon vá»›i dÃ²ng mÃ¬ nÃ³ng nhÆ° bÃ²;gÃ  hay háº£i sáº£n nhÆ°ng Ä‘áº¿n vá»›i dÃ²ng láº¡nh thÃ¬ mÃ¬nh bÃ³ tay vÃ¬ quÃ¡ ngáº¥y. KhÃ´ng pháº£i vÃ¬ mÃ³n nÃ³ khÃ´ng ngon mÃ  lÃ  khÃ´ng thá»ƒ há»£p kháº©u vá»‹ cá»§a mÃ¬nh; vá»«a láº¡nh vá»«a ngáº¥y ngáº¥y nhÆ° má»¡ bÃ². Äá»“ Äƒn quÃ¡n Ä‘á»ƒ vÃ o há»™p khÃ¡ xinh vÃ  nhiá»u. Anh ship per giao hÃ ng láº¡i kute. Äiá»ƒm cá»™ng cho dich vá»¥ now
"HÃ´m qua mÃ¬nh cÃ³ gá»i ship pizza vÃ  mÃ¬ Ã½ vá» Äƒn . ÄÃªm hÃ´m Ä‘Ã³i quÃ¡ mÃ  spaghety box NÃºi TrÃºc váº«n nhiá»‡t tÃ¬nh phá»¥c vá»¥ , lÃºc Ã­ cÅ©ng pháº£i 10h30 rÃ¹i Ã­ ^^ 
- Pizza mÃ¬nh gá»i lÃ  pizza sá»‘ 4 - pepperonis ( á»›t chuÃ´ng , hÃ nh tÃ¢y , xÃºc xÃ­ch ,... ) : nháº­n xÃ©t vá» pizza thÃ¬ Ä‘áº¿ má»ng Äƒn ngon vÃ  giÃ²n , phomai hÃ nh tÃ¢y xÃºc xÃ­ch Ä‘á»u má»m, dai ngon ^^
- Má»³ Ã½ mÃ¬nh gá»i lÃ  classic size nhá» : má»³ khÃ¡ ngon , thÆ¡m thÆ¡m mÃ¹i sá»‘t cÃ  chua vÃ  pate , 1 chÃºt dÆ°a chuá»™t Äƒn cho Ä‘á»¡ ngáº¥y vÃ  há»™p mang vá» khÃ¡ dáº§y dáº·n Ä‘áº£m báº£o vá»‡ sinh ^^
- Vá»‹ trÃ­ : Thuáº­n lá»£i vÃ  gáº§n nhÃ  mÃ¬nh , gá»i ship chá»‰ máº¥t 10k tiá»n ship áº¡
- GiÃ¡ cáº£ : khÃ¡ ráº» cho 1 bá»¯a Äƒn Ä‘Ãªm no nÃª
- Dá»‹ch vá»¥ giao hÃ ng : a ship nhiá»‡t tÃ¬nh , vui tÃ­nh vÃ  ship khÃ¡ nhanh
* Cháº¥m Ä‘iá»ƒm theo cÃ¡ nhÃ¢n : 9/10"
"Äi lÃ m trÆ°a váº¥t váº£, mÃ¬nh Ä‘Ã£ Ä‘áº·t Ä‘á»“ cá»§a spaghetti box qua deliverynow Ä‘á»ƒ cho no em bá»¥ng Ä‘Ã¢y.
QuÃ¡n Äƒn nÃ y thÃ¬ cháº¯c khÃ´ng cÃ²n xa láº¡ gÃ¬ vá»›i cÃ¡c báº¡n, nháº¥t lÃ  cÃ¡c báº¡n há»c sinh nhá»‰. MÃ¬nh lÃ  cá»±u há»c sinh nguyá»…n trÃ£i nÃªn 100% lÃ  quen thuá»™c luÃ´n rá»“i Ã½
Láº§n nÃ y mÃ¬nh thÃ¨m thá»‹t nÃªn Ä‘Ã£ gá»i Ä‘Ã¹i gÃ  nÆ°á»›ng máº­t ong, Ä‘Ã¹i gÃ  rÃºt xÆ°Æ¡ng phomat, thá»‹t dambon cuá»™n bÃ² dá»©a sá»‘t phomat, nhÆ° cÃ¡c báº¡n tháº¥y Ä‘Ã¢y nÃ¨. Hihi
Ä‚n cho khÃ¡c bá»t Ä‘i Ã½ vÃ¬ láº§n nÃ o mÃ¬nh cÅ©ng Äƒn pizza vÃ  má»³ Ã½ á»Ÿ Ä‘Ã¢y rá»“i, haha
GiÃ¡ cáº£ thÃ¬ ráº¥t há»£p vá»›i cÃ¡c báº¡n há»c sinh mÃ  Ä‘á»“ cÅ©ng ngon khÃ´ng kÃ©m Ä‘Ã¢u nhÃ© â¤ï¸â¤ï¸â¤ï¸"
"Ä‚n á»Ÿ Ä‘Ã¢y máº¥y láº§n r vÃ  Ä‘á»u bá»‹ thÃ­ch Ã½ áº¡. QuÃ¡n hÆ¡i nhá», trang trÃ­ cx rÃ¢t Ä‘Æ¡n giáº£n, thiÃªn vá» phong cach áº¥m cÃºng gáº§n gÅ©i hÆ¡n. á» Ä‘Ã¢y cx k cÃ³ wifi luÃ´n :))) quÃ¡n cx k cÃ³ Ã½ Ä‘á»‹nh láº¯p vÃ¬ treo biá»ƒn Ä‘áº¡i Ã½ lÃ  muá»‘n Ä‘á»ƒ mn gáº§n nhau hÆ¡n ğŸ˜˜ğŸ˜˜ cute quÃ¡. GiÃ¡ cáº£ tÆ°Æ¡ng Ä‘á»‘i há»£p lÃ­.Bthg mÃ¬nh Ä‘i vs ny, Äƒn háº¿t táº§m 170k mÃ  no cÄƒng bá»¥ng. Theo mÃ¬nh thÃ¬ nÃªn gá»i spaghetti classic lÃ  ngon nháº¥t r áº¡ :))) vÃ¬ Äƒn spaghetti gÃ , náº¥m sá»‘t kem thÃ¬ sáº½ hÆ¡i nháº¡t vÃ  nhanh bá»‹ ngáº¥y. MÃ¬nh thg gá»i pizza sá»‘ 3, Äƒn cÃ³ vá»‹ háº£i sáº£n vs dá»©a nÃªn k bá»‹ ngÃ¡n láº¯m.Khoai tÃ¢y chiÃªn cáº¯t miáº¿ng vá»«a, chiÃªn ráº¥t giÃ²n Äƒn háº¿t mÃ  váº«n thÃ¨m. TrÃ  chanh leo á»Ÿ Ä‘Ã¢y cx ngon, tuy nhiÃªn cÃ³ hÆ¡i ngá»t :)))) trÃ  sá»¯a thÃ¬ ngon.
NhÃ¢n viÃªn phá»¥c vá»¥ oke"
"Spaghetti Box - NgÃµ 12 NÃºi TrÃºc ğŸ˜€

ğŸŒ¸ QuÃ¡n nÃ y thÃ¬ cháº¯c lÃ  há»c sinh sinh viÃªn ai cÅ©ng biÃªt rá»“i, ná»•i tiáº¿ng lÃ  giÃ¡ cáº£ cá»±c kÃ¬ pháº£i chÄƒng mÃ  cháº¥t lÆ°á»£ng cung á»•n Ä‘á»‹nh nhÃ©. CÃ³ máº¥y cÆ¡ sá»Ÿ láº­n cÆ¡ mÃ  :) 
CÆ¡ sá»Ÿ nao cÅ©ng Ä‘Ã´ng khÃ¡ch háº¿t Ä‘Ã³ nhÃ©, Ä‘i vÃ o táº§m giÆ¡ cao Ä‘iá»ƒm Äƒn trÆ°a, Äƒn tá»‘i thÃ¬ cháº¯c cháº¯n chá» Ä‘á»“ cÅ©ng pháº£i 20 phÃºt lÃ  Ã­t ğŸ˜‚ğŸ˜‚ Ä‘Ã£ Ä‘oi bá»¥ng láº¡i con tháº¿ huhu ğŸ˜‚

ğŸŒ¸ Menu quÃ¡n Ä‘a dáº¡ng, toÃ n theo tiÃªu chÃ­ home made nÃªn cÅ©ng k thá»ƒ ngon cá»±c ngon dc. MÃ¬nh cÃ³ thá»­ pizza sá»‘ 9 cÃ³ náº¥m vÃ  báº¡ch tuÃ´c, lá»ai nay mÃ¬nh Äƒn thÃ¡y nháº¡t nháº¡t kiá»ƒu gi áº¥y, khÃ´ng há»£p cho láº¯m, Ä‘áº¿ má»ng nhÆ°ng cÅ©ng khÃ´ vÃ  cá»©ng quÃ¡, khÃ´ng thÃ­ch tÃ­ nÃ o, má»³ Ã½ sá»‘t ngáº­y va cÅ©ng nháº¡t. K thÃ­ch ğŸ˜¤
GiÃ¡ siÃªu ráº» hai ngÆ°á»i cháº¯c 150k lÃ  no rá»“i ğŸ‘"
"QuÃ¡n ngon + cháº¥t lÆ°á»£ng. ÄÃ¢y lÃ  quÃ¡n pizza khiáº¿n mÃ¬nh Äƒn cáº£m tháº¥y ráº¥t hÃ i lÃ²ng tá»« menu Ä‘á»“ Äƒn Ä‘áº¿n cháº¥t lÆ°á»£ng mÃ³n Äƒn cÅ©ng nhÆ° thÃ¡i Ä‘á»™ phá»¥c vá»¥ cá»§a nhÃ¢n viÃªn. Äáº¿n Ä‘Ã¢y mÃ¬nh luÃ´n Æ°u tiÃªn Ä‘Ã³ lÃ  spaghetti vÃ  pizza. MÃ¬ Äƒn gia vá»‹ vá»«a miá»‡ng sá»£i mÃ¬ má»m nguyÃªn liá»‡u trong mÃ¬ ráº¥t dá»… Äƒn vÃ  hÃ i hoÃ . Pizza thÃ¬ vá»«a miáº¿ng vÃ  nÆ°á»›ng chÃ­n tá»›i Äƒn vá» bÃ¡nh giÃ²n thÆ¡m vÃ  ngon. CÃ³ láº½ Ä‘iá»ƒm trá»« cá»§a quÃ¡n vÃ  cÅ©ng lÃ  Ä‘iá»ƒm cá»™ng cá»§a quÃ¡n Ä‘Ã³ lÃ  quÃ¡n k cÃ³ wifi - Ä‘á»ƒ má»i ngÆ°á»i káº¿t ná»‘i gáº§n nhau hÆ¡n, quÃ¡n ráº¥t Ä‘Ã´ng khÃ¡ch nÃªn qua Äƒn pháº£i Ä‘á»£i Ã­t nháº¥t 15-20p thÃ¬ sáº½ cÃ³ Ä‘á»“. NÃ³i tÃ³m láº¡i ráº¥t Ä‘Ã¡ng Ä‘á»ƒ Ä‘áº¿n thÆ°á»Ÿng thá»©c."
"Spaghetti Box NÃºi TrÃºc
Vá»›i mÃ¬nh thÃ¬ Ä‘Ã¢y lÃ  thÆ°Æ¡ng hiá»‡u ngon bá»• ráº», nÃ³ gáº¯n bÃ³ vá»›i mÃ¬nh tá»« há»“i cÃ²n há»c Ä‘áº¡i há»c . Menu quÃ¡n cÃ³ Ä‘a dáº¡ng cÃ¡c loáº¡i Má»³ Ã½ vÃ  pizza giÃ¡ chá»‰ giao Ä‘á»™ng tá»« 29k Ä‘áº¿n 50k. Má»³ ngon sá»£i dai, pizza giÃ²n sá»‘t cá»§a quÃ¡n khÃ¡ ngon vÃ  vá»«a miá»‡ng 
GiÃ¡ cáº£ há»£p lÃ½ vá»«a tÃºi tiá»n 
Cháº¥t lÆ°á»£ng á»•n
NhÃ¢n viÃªn thÃ¬ cÅ©ng khÃ´ng niá»m ná»Ÿ vÃ  nhiá»‡t tÃ¬nh cho láº¯m nÃªn tháº¥y cÅ©ng ko thoÃ¡i mÃ¡i 
QuÃ¡n cÅ©ng khÃ£ dá»… tÃ¬m
MÃ¬nh hay Äƒn classic hÆ¡n vÃ¬ sá»‘t kem vá»›i mÃ¬nh tháº¥y hÆ¡i nháº¡t vÃ  ngáº¥y"
"Spaghetti Box lÃ  má»™t thÆ°Æ¡ng hiá»‡u khÃ¡ quen thuá»™c vá»›i há»c sinh - sinh viÃªn HÃ  Ná»™i. Kiá»ƒu cÃ¡ch phá»¥c vá»¥ nhanh nháº¹n, mÃ´i trÆ°á»ng toÃ n sinh viÃªn tráº» trung. Tuy nhiÃªn thÃ¡i Ä‘á»™ phá»¥c vá»¥ thÃ¬ chá»‰ á»Ÿ má»©c trung trung thÃ´i. 
ğŸˆ Vá»‹ trÃ­: quÃ¡n náº±m trong ngÃµ 12 nÃºi trÃºc, Ä‘áº·c Ä‘iá»ƒm dá»… nháº­n nháº¥t lÃ  cÃ¡i biá»ƒn mÃ u xanh vÃ  báº£ng menu viáº¿t pháº¥n kiá»ƒu ráº¥t há»c sinn.
ğŸˆ Phá»¥c vá»¥: máº·t cÃ¡c báº¡n phá»¥c vá»¥ lÃºc nÃ o cÅ©ng chá»‰ má»™t biá»ƒu cáº£m Ä‘Æ¡ Ä‘Æ¡ áº¥y. Rá»“i vÃ¬ quÃ¡n Ä‘Ã´ng khÃ¡ch nÃªn lÃ  cá»© vá»™i vÃ£ kiá»ƒu gÃ¬. MÃ¬nh khÃ´ng hÃ i lÃ²ng láº¯m.
ğŸˆ KhÃ´ng gian: quÃ¡n cÃ³ máº¥y táº§ng, má»—i táº§ng cÃ³ xáº¿p máº¥y bÃ n sÃ¡t nhau, ngá»“i bá»‡t chá»© khÃ´ng ngá»“i gháº¿. CÃ¡i hay á»Ÿ Ä‘Ã¢y lÃ  quÃ¡n khÃ´ng cÃ³ wifi vÃ  cÃ³ treo táº¥m biá»ƒn nhá» kiá»ƒu hÃ£y bá» qua wifi mÃ  trÃ² chuyá»‡n vá»›i nhau Ä‘i áº¥y. 
ğŸˆ Äá»“ Äƒn: CÃ¡c mÃ³n trong menu ráº¥t Ä‘a dáº¡ng, mÃ³n nÃ o cÅ©ng ngon mÃ  giÃ¡ cáº£ Ä‘Ãºng cháº¥t sinh viÃªn ~35-50k/ mÃ³n thÃ´i. Ngon nháº¥t á»Ÿ Ä‘Ã¢y thÃ¬ lÃ  Spaghetti vÃ  Pizza. Nem náº¿m vá»«a miá»‡ng, sá»‘t Ä‘áº·c biá»‡t, thÆ¡m mÃ  khÃ´ng bá»‹ ngáº¥y, Ä‘á»“ Äƒn thÃ¬ Ä‘áº§y Ä‘áº·n chá»© khÃ´ng Ä‘á»™ gÃ¬ háº¿t.
NÃ³i chung lÃ  trá»« thÃ¡i Ä‘á»™ phá»¥c vá»¥ ra thÃ¬ táº¥t cáº£ Ä‘á»u ok!"
"Cháº¯c Ä‘Ã¢y váº«n lÃ  quÃ¡n ngon bá»• ráº» nháº¥t cá»§a cÃ¡c loáº¡i pizza vÃ  má»³ Ã½ nÃªn lÃºc nÃ o cÅ©ng nÆ°á»m nÆ°á»£p khÃ¡ch. Chá»— Ä‘á»ƒ xe cá»§a quÃ¡n rá»™ng, Ä‘á»™i ngÅ© trÃ´ng xe hÃ¹ng háº­u láº¯m :)) quÃ¡n ráº¥t Ä‘Ã´ng vÃ  khÃ´ng cÃ³ wifi, má»—i táº§ng cÃ³ 1 Ä‘á»™i ngÅ© nhÃ¢n viÃªn order riÃªng. VÃ¬ quÃ¡n Ä‘Ã´ng nÃªn báº¡n pháº£i chá» Ä‘á»“ tá»« 20p - 40p lÃ  bÃ¬nh thÆ°á»ng, hÃ´m nÃ o vÃ o lÃºc cá»±c Ä‘Ã³i thÃ¬ xÃ¡c Ä‘á»‹nh lÃ  hoa háº¿t cáº£ máº¯t. Vá» má»³ Ã½ mÃ¬nh hay chá»n mÃ³n S'box bolonese cÃ²n cÃ¡c báº¡n mÃ¬nh chá»n clasic size lá»›n Äƒn cho truyá»n thá»‘ng. VÃ  chá»n pizza sá»‘ 9 Ä‘á»ƒ Äƒn vÃ¬ con báº¡n mÃ¬nh thÃ¨m Äƒn má»±c. Vá» mÃ¹ mÃ¬nh tháº¥y cÅ©ng dc. Gá»i thÃªm Ä‘Ã¹i gÃ  máº­t ong tuy nhiÃªn gÃ  hÆ¡i khÃ´, Äƒn nháº¡t vÃ  cá»©ng láº¯m. CÃ²n pizza pháº£i Äƒn nhanh ms tháº¥y dc vá»‹ cheese náº¿u khÃ´ng Ä‘á»ƒ nguá»™i sáº½ máº¥t ngon. Vá» giÃ¡ cáº£ cÅ©ng nhÆ° khÃ´ng gian thÃ¬ mÃ¬nh tháº¥y váº«n cÃ³ thá»ƒ quay láº¡i, Ä‘Ã nh cháº¥p nháº­n chá» lÃ¢u vÃ¬ Ä‘Ã´ng mÃ  :)))"
"Láº¡i gá»i Ä‘á»“ Äƒn vá» cÃ´ng ty nhÆ° má»i khi nÃ¨ vÃ  bonus thÃªm táº¥m áº£nh Ä‘Ã£ Äƒn á»Ÿ quÃ¡n rÃ¹i nÃ¨
NÃ³i chung vá» giÃ¡ cáº£ thÃ¬ suy Ä‘i tÃ­nh láº¡i Spaghetti box váº«n lÃ  ráº» nháº¥t lunnn nÃ¨
1 pizza giÃ¡ táº§m thÃ¨ 26-49k lÃ  máº¯c nháº¥t thÃ¬ pháº£i, cÃ¡c mÃ³n Äƒn kÃ¨m cÅ©ng táº§m váº­y ko quÃ¡ 50k nÃªn lÃ¢u lÃ¢u háº¿t xÃ¨ng cÃ³ thá»ƒ suy nghÄ© ra Ä‘Ã¢y Äƒn má»—i tá»™i hÆ¡i Ä‘Ã´ng 1 chÃºt thuiiiiii
Nháº¯c Ä‘áº¿n mÃ¬ thÃ¬ Ã¹iii Ä‘Ã¹a chá»© creamy chicken cá»© pháº£i gá»i lÃ  best choice luÃ´n Ã½ nÃ³ cá»© kiá»ƒu quyá»‡n quyá»‡n xog cá»© cÃ³ vá»‹ gÃ¬ ráº¥t xao xuyáº¿n luÃ´n nhÃ© haaaaa"
"CÃ¡i thÆ°Æ¡ng hiá»‡u nÃ y cÅ©ng khÃ¡ ná»•i tiáº¿ng trÃªn Ä‘áº¥t HÃ  thÃ nh nÃ y rá»“i, cÃ³ 3 cÆ¡ sá»Ÿ thÃ¬ pháº£i. MÃ¬nh Äƒn á»Ÿ cÆ¡ sá»Ÿ NÃºi TrÃºc. QuÃ¡n cÃ³ 3-4 táº§ng gÃ¬ Ä‘Ã³. Chá»— Ä‘á»ƒ xe khÃ¡ rá»™ng, bÃ¡c báº£o vá»‡ ráº¥t vui tÃ­nh. Äi lÃªn táº§ng Äƒn khÃ¡ ""má»‡t"" vÃ¬ cáº§u thang hÆ¡i háº¹p :))) chá»— ngá»“i cÅ©ng hÆ¡i báº¥t tiá»‡n chÃºt. Äá»£i Ä‘á»“ Äƒn cÅ©ng khÃ¡ lÃ¢u, nhÃ¢n viÃªn háº¹n khoáº£ng 20-25p, cÃ³ thá»ƒ quÃ¡n Ä‘Ã´ng vÃ  báº¿p pháº£i lÃ m nÃªn cháº¥p nháº­n Ä‘c. MÃ¬nh gá»i má»³ spaghetti, Ä‘Ã¹i gÃ  nÆ°á»›ng máº­t ong vÃ  pizza p9. Má»³ ngon, nhiá»u Äƒn mÃ£i ko háº¿t. GÃ  máº­t ong khÃ´ng quÃ¡ ngá»t, cÃ³ kÃ¨m cáº£ khoai tÃ¢y chiÃªn ráº¥t ngon. Pizza thÃ¬ bÃ¬nh thÆ°á»ng. GiÃ¡ cáº£ ko quÃ¡ Ä‘áº¯t, táº§m 70k/ngÆ°á»i no cÄƒng bá»¥ng luÃ´n."
"Review tá»« lÃºc gá»­i xe luÃ´n :))
- BÃ¡c báº£o vá»‡ nhiá»‡t tÃ¬nh, vui tÃ­nh
- NhÃ¢n viÃªn hÃ²a Ä‘á»“ng thÃ¢n thiá»‡n
- QuÃ¡n tuy nhá» nhÆ°ngg chá»— ngá»“i cÅ©ng ráº¥t thoÃ¡i mÃ¡i
Vá» Ä‘á»“ Äƒn
- pizza má»m, dá»… Äƒn, vá»‹ cÅ©ng ráº¥t Ä‘áº­m
Má»³ Ã½ thÃ¬ khá»i chÃª. LuÃ´n trung thÃ nh vá»›i bolo :))
Salad mÃ¬nh tháº¥y dÆ°a chuá»™t hÆ¡i Ä‘áº¯ng. 
Äá»“ uá»‘ng ráº¥t ngon. 
NÃ³i chung sáº½ quay láº¡i nhiá»u :))"
"Láº§n cuá»‘i cÃ¹ng Äƒn Ä‘á»“ á»Ÿ Ä‘Ã¢y!
Gá»i ship tá»« 11h mÃ  12r cÃ²n báº£o bÃ¡nh chÆ°a ra lÃ². 1h ship Ä‘áº¿n thÃ¬ Ä‘á»“ Äƒn nguá»™i tanh nguá»™t ngáº¯t. ÄÃ£ tháº¿ hoÃ¡ Ä‘Æ¡n cÃ²n thiáº¿u hai cá»‘c sá»¯a ngÃ´ cho Ä‘áº¿n bÃ¢y giá» váº«n k nháº­n Ä‘Æ°á»£c hÃ ng hay hoÃ n láº¡i tiá»n. CÃ¡nh gÃ , Ä‘Ã¹i gÃ  thÃ¬ tanh nhÆ° trá»©ng, khoai thÃ¬ nhÃ£o nhoÃ©t, cáº£m tÆ°á»Ÿng nhÆ° Ä‘á»“ Ä‘á»ƒ trong tá»§ láº¡nh pháº£i lÃªn men hÃ ng tá»‰ thiÃªn niÃªn ká»‰ rá»“i. Page thÃ¬ k cÃ³ cáº£ chá»©c nÄƒng review luÃ´n áº¡ :) hay bá»‹ nhiá»u ngÆ°á»i chá»­i quÃ¡ nÃªn k dÃ¡m Ä‘á»ƒ ná»¯a :) chs foody pháº£i cÃ³ thá»ƒ cho loáº¡i cá»­a hÃ ng Ä‘á»“ Äƒn tháº¿ nay lÃªn Ä‘Ã¢y ná»¯a mÃ  cÃ³ Ä‘áº¿n hÃ ng chá»¥c review Ä‘Æ°á»£c :) thuÃª ngÆ°á»i review Ä‘áº¹p há»™ Ã ?
NÃ³i chung lÃ  táº¡m biá»‡t vÃ  k háº¹n gáº·p láº¡i"
"LÃªn cÆ¡n thÃ¨m Má»³ Ã tháº¿ lÃ  gá»i deliman ship má»³ Ã á»Ÿ Sbox Äƒn trÆ°a cho ráº» hihi. Vá» tháº¥y Ä‘Ã³ng há»™p Ä‘Ã ng hoÃ ng, má»Ÿ ra váº«n ná»ng há»•i thá»•i hoÃ i chÆ°a nguá»™i Äƒn mÃ  sÆ°á»›ng, thoáº£ cÃµi lÃ²ng thÃ¨m khÃ¡t. 
Má»³ Ã á»Ÿ Sbox Äƒn ngon, ngon hÆ¡n lÃ  pizza á»Ÿ Ä‘Ã¢y. Má»³ náº¥u má»m, sá»‘t gÃ¬ cÅ©ng ngon: sá»‘t cÃ  chua thá»‹t báº±m, sá»‘t kem tÆ°Æ¡i. MÃ¬nh gá»i 3 loáº¡i mÃ¬, tháº¥y Äƒn ngon nháº¥t lÃ  gÃ  ngÃ´. NgÃ´ Má»¹ giÃ²n Äƒn cÃ¹ng gÃ  má»m sá»‘t kem tháº¥y Ä‘á»§ vá»‹. MÃ  nhÃ©, Äƒn á»Ÿ Sbox cháº£ há»‰u sao Äƒn hoÃ i ko tháº¥y chÃ¡n. Äá»ƒ lÃ¢u láº¡i nhá»› láº¡i thÃ¨m. Cháº£ trÃ¡ch quÃ¡n cÅ©ng tá»“n táº¡i Ä‘c hÆ¡n 15 nÄƒm rÃ¹i.
TÃ­p tá»¥c á»§ng há»™ Sbox áº¡!"
"MÃ¬nh Ä‘áº¿n quÃ¡n Spaghetti Box - NgÃµ 12 NÃºi TrÃºc Äƒn láº§n Ä‘áº§u tiÃªn lÃ  vÃ o khoáº£ng nÄƒm 2011, 2012 gÃ¬ Ä‘Ã³, áº¥n tÆ°á»£ng lÃ  quÃ¡n nhá»,pháº£i Ä‘i lÃªn táº§ng, nhÆ°ng ráº¥t lÃ  Ä‘Ã´ng khÃ¡ch :)) lÃ¢u rá»“i ko ra quÃ¡n vÃ¬ toÃ n gá»i ship vá» Äƒn ko biáº¿t cÃ³ nhiá»u thay Ä‘á»•i ko ná»¯a :)))
Äá»“ Äƒn á»Ÿ Ä‘Ã¢y ngon, mÃ¬nh thÃ­ch Äƒn mÃ¬ spaghetti cá»§a quÃ¡n nháº¥t lÃ  Carbonara vÃ  Classic. GÃ­a mÃ¬ dao Ä‘á»™ng tá»« 29k- Ä‘áº¿n 45k, mÃ¬nh tháº¥y giÃ¡ nhÆ° váº­y cÅ©ng há»£p lÃ½, thi thoáº£ng Ä‘áº·t trÃªn app now.vn cÃ³ mÃ£ giáº£m giÃ¡ ná»¯a nÃªn cÃ ng Ä‘Æ°á»£c ráº»
SÃºp thÃ¬ mÃ¬nh tháº¥y bÃ¬nh thÆ°á»ng, ko ngon cÅ©ng ko tá»‡. 
Sáº½ tiáº¿p tá»¥c á»§ng há»™ quÃ¡n !"
Váº«n lÃ  khÃ´ng gian gáº§n gÅ©i suá»‘t bao nÄƒm qua vá»›i phong cÃ¡ch riÃªng khÃ´ng wifi vÃ  tÆ°á»Ÿng tÆ°á»£ng báº¡n Ä‘ang Äƒn trong thá»i kÃ¬ khÃ´ng cÃ³ máº¡ng. ÄÃ¢y lÃ  má»™t sá»± lá»±a chá»n hoÃ n háº£o vá»›i nhá»¯ng ngÃ y cuá»‘i thÃ¡ng nhÆ°ng báº¡n váº«n cÃ³ thá»ƒ thÆ°á»Ÿng thá»©c Ä‘á»“ Ã‚u. Má»³ sá»‘t kem gÃ  náº¥m vÃ  sá»‘t Bolognese lÃ  nhá»¯ng sá»± lá»±a chá»n tá»‘t nháº¥t cho má»³ Ã náº¿u báº¡n muá»‘n Ä‘á»•i vá»‹. Pizza tá»± chá»n theo sá»Ÿ thÃ­ch lÃ  má»™t Ä‘iá»ƒm máº¡nh giÃºp thá»±c khÃ¡ch cÃ³ thá»ƒ tá»± mix pizza theo Ã½ mÃ¬nh. NgoÃ i ra cÃ³ pizza sá»‘ 3 vÃ  6 lÃ  háº£i sáº£n vÃ  bÃ² cÅ©ng khÃ¡ ngon.
"KhÃ´ng thá»ƒ Ä‘áº¿m ná»•i sá»‘ láº§n qua Ä‘Ã¢y ná»¯a rá»“i. Ráº» rá»“i láº¡i cÃ²n gáº§n nhÃ  nÃªn Äƒn lÃºc nÃ o cÅ©ng Ä‘Æ°á»£c háº¿t. Buá»•i trÆ°a qua Ä‘Ã¢y lÃ  táº§m 1h30 rá»“i mÃ  quÃ¡n váº«n Ä‘Ã´ng láº¯m, cháº­t kÃ­n ngÆ°á»i. MÃ¬nh khÃ´ng thÃ­ch khÃ´ng gian chá»— nÃ y vÃ¬ cÃ¡c bÃ n kÃª sÃ¡t sÃ n sáº¡t nhau, lÃºc Ä‘Ã´ng ráº¥t bÃ­ vÃ  khÃ´ng cÃ³ chÃºt khÃ´ng gian riÃªng tÆ° nÃ o. HÃ´m Ä‘áº¥y pháº£i ngá»“i Ä‘á»£i táº§m 40p má»›i cÃ³ pizza cÃ²n con báº¡n mÃ¬nh Äƒn má»³ Ã½ xong tá»« Ä‘á»i nÃ o rá»“i. NhÆ°ng vÃ¬ quÃ¡n Ä‘Ã´ng nÃªn pháº£i Ä‘á»£i cÅ©ng Ä‘Ãºng thÃ´i vÃ  ráº» nÃªn cÅ©ng khÃ´ng yÃªu cáº§u cao. Bá»‹ thÃ­ch pizza sá»‘ 0 á»Ÿ Ä‘Ã¢y, chá»‰ cÃ³ cheese thÃ´i mÃ  ngon láº¯m áº¥y. CÃ²n ngon hÆ¡n pizza gáº§n 150k cá»§a Botanica. GiÃ¡ cáº£ thÃ¬ vÃ´ cÃ¹ng iu thÆ°n rá»“i."
"Äáº¯n Ä‘o vá»›i má»i ngÆ°á»i á»Ÿ cÃ´ng ty mÃ£i vÃ¬ khÃ´ng biáº¿t Äƒn gÃ¬, chá»£t nhá»› ra cÃ³ láº§n Ä‘á»©a báº¡n báº£o Äƒn á»Ÿ spagheti box, chi nhÃ¡nh mÃ¬nh k rÃµ láº¯m khÃ¡ lÃ  ngon, nÃªn tÃ¬m ngay trÃªn delivery now Ä‘á»‹a chá»‰ gáº§n cÃ´ng ty nháº¥t. MÃ¬nh lÃ  má»™t con nghiá»‡n Ä‘á»“ bÃ©o, nÃªn oder spagetti gÃ¬ mÃ  cÃ³ phÃ´ mai vá»›i rau vÃ  thá»‹t bÃ², cáº£ ngÃ´ ngá»t ná»¯a. áº¤n tÆ°á»£ng Ä‘áº§u tiÃªn lÃ  há»™p Ä‘á»“, khÃ¡ lÃ  sáº¡ch sáº½, Ä‘Æ¡n giáº£n, Ä‘áº§y Ä‘á»§ thÃ¬a dÄ©a. hÃ´m nay bÃªn deli ship Ä‘áº¿n khÃ¡ lÃ  sá»›m, tháº¥y háº¹n mÃ¬nh hÆ¡n 45 phÃºt mÃ  má»›i chá»‰ hÆ¡n 30p Ä‘Ã£ tháº¥y báº¡n ship gá»i Ä‘iá»‡n báº£o ra láº¥y hÃ ng rá»“i, cháº¯c do cÃ¡ch cÃ´ng ty mÃ¬nh cÃ³ hÆ¡n 1 km, cÆ°ng dÃ£ man >)))
xin kÃ© con báº¡n bÃªn cáº¡nh Ä‘Æ°á»£c miáº¿ng pizza háº£i sáº£n, vá»›i má»©c giÃ¡ á»Ÿ Ä‘Ã¢y theo t lÃ  khÃ¡ ngon, t tháº¥y ngon hÆ¡n cáº£ pizza hut áº¥y :)) mÃ¬ spa cá»§a t Äƒn cÅ©ng khÃ¡ vá»«a miá»‡ng, Ä‘á»“ Äƒn cÃ²n nÃ³ng nÃªn mÃ¬ cá»±c kÃ¬ má»m, phÃ´ mai cÅ©ng bÃ©o vÃ  ngáº­y. 
nÃ³i chÃ¹ng lÃ  thÃªm Ä‘Æ°á»£c má»™t Ä‘á»‹a Ä‘iá»ƒm Ä‘á»ƒ lÃºc nÃ o nhá»¡ bá»¯a cÃ²n phi ra Äƒn :))))))"
Spaghetti Box cháº¯c cháº¯n lÃ  báº¡n nÃ o cÅ©ng tá»«ng Äƒn Ã­t nháº¥t 1 láº§n rá»“i. Ai mÃ  chÆ°a thá»­ thÃ¬ nÃªn thá»­ 1 láº§n mÃ¬nh Ä‘áº£m báº£o lÃ  sáº½ cÃ³ thÃªm ráº¥t nhiá»u láº§n sau vÃ¬ Ä‘á»“ Äƒn á»Ÿ Ä‘Ã¢y Ä‘á»§ cÃ¡c tiÃªu chÃ­ ngon - bá»• - ráº» phÃ¹ há»£p vs cÃ¡c báº¡n sinh viÃªn chÃºng mÃ¬nh ğŸ˜. Chá»‰ vÃ¬ máº£i Äƒn mÃ  quÃªn máº¥t k chá»¥p 2 Ä‘Ä©a mÃ¬ ğŸ˜…. Bá»n mÃ¬nh 3 ngÆ°á»i Äƒn 2 pizza 2 mÃ¬ 2 pesi tá»•ng thiá»‡t háº¡i háº¿t 213k mÃ  no cÄƒng rÃºn. Äá»“ Äƒn cÅ©ng á»•n mÃ  giÃ¡ thÃ nh cÅ©ng pháº£i chÄƒng nÃªn nhÆ°á»£c Ä‘iá»ƒm cá»§a quÃ¡n lÃ  lÃ m Ä‘á»“ hÆ¡i lÃ¢u. Láº§n nÃ o Äƒn cÅ©ng pháº£i chá» táº§m 15-20p má»›i báº¯t Ä‘áº§u cÃ³ Ä‘á»“. NhÆ°ng tháº­t sá»± mÃ¬nh sáº½ váº«n Äƒn á»Ÿ Ä‘Ã¢y thÃªm nhiá»u nhiá»u láº§n ná»¯a â™¥ï¸
"Láº¡i thÃªm tÃªn quÃ¡n nÃ y vÃ o danh sÃ¡ch nhá»¯ng quÃ¡n k nÃªn Ä‘áº¿n khi báº¡n quÃ¡ Ä‘Ã³i. ÄÃ³ lÃ  nhÆ°á»£c Ä‘iá»ƒm duy nháº¥t. CÅ©ng táº¡i láº§n nÃ o mÃ¬nh Ä‘áº¿n cÅ©ng lÃ  lÃºc quÃ¡n cháº­t nÃ­ch ngÆ°á»i. Full háº¿t cÃ¡c táº§ng luÃ´n.
Äá»“ uá»‘ng vÃ  salad lÃ  lÃªn nhanh nháº¥t. CÃ³ láº½ váº­y nÃªn lÃºc nÃ o mÃ¬nh cÅ©ng tháº¥y chÃºng ngon. Salad bÃ¹i bÃ©o vÃ  ngáº­y.
Sau Ä‘Ã³ Ä‘áº¿n pizza. MÃ¬nh tháº¥y Äƒn cÅ©ng á»•n, Ä‘áº¿ má»m.
CÃ²n mÃ¬ Ã thÃ¬ vá»‹ classic váº«n lÃ  á»•n nháº¥t. MÃ¬nh cÃ³ gá»i phÃ´ mai gÃ  mÃ  Ä‘c ná»­a Ä‘Ä©a ngáº¥y quÃ¡ k Äƒn ná»•i.
Phá»¥c vá»¥ quÃ¡n thÃ¬ thÃ¢n thiá»‡n, cá»Ÿi má»Ÿ. 
NÃ³i chung lÃ  chim Æ°ng"
"MÃ¬nh lÃ  khÃ¡ch quen á»Ÿ Ä‘Ã¢y . Láº§n nÃ o Ä‘áº¿n quÃ¡n cÅ©ng khÃ¡ lÃ  Ä‘Ã´ng nhÆ°ng nÃ³i chung thÃ¡i Ä‘á»™ phá»¥c vá»¥ cá»§a cÃ¡c báº¡n nhÃ¢n viÃªn ráº¥t ngoan ngoan vÃ  lá»… phÃ©p. LÃºc nÃ o Ä‘áº¿n cÃ¡c báº¡n Ã½ cÅ©ng báº£o chá» 20 - 30 phÃºt nhÆ°ng chÆ°a bao giá» mÃ¬nh pháº£i chá» 
. 
Láº§n nÃ o Ä‘áº¿n Ä‘Ã¢y mÃ¬nh cÅ©ng pháº£i gá»i Classic vá»›i Pizza vÃ  khoai tÃ¢y chiÃªn . Classic á»Ÿ Ä‘Ã¢y sá»‘t nhiá»u thá»‹c nhÆ°ng khÃ´ng bá»‹ ngáº¥y ráº¥t dá»… Äƒn sá»£ mÃ¬ khÃ´ng bá»‹ cá»©ng má»m vÃ  vá»«a Äƒn . Khoai tÃ¢y thÃ¬ bÃªn trong má»m vÃ² ngoÃ i dÃ²n dai .Pizza Äƒn khÃ¡ á»•n vá» bÃ¡nh khÃ´ng quÃ¡ khÃ´ nhÃ¢n cÅ©ng nhiu nhÆ°ng hÆ¡i Ã­t phomai(nhÆ°ng cÃ¡i nÃ y cÃ³ thá»ƒ bá» qua Ä‘Æ°á»£c )

- GiÃ¡ cáº£ : GiÃ¡ táº§m hai ngÆ°á»i Äƒn táº§m 150k so vs cháº¥t lÆ°á»£ng lÃ  quÃ¡ á»•n 
- KhÃ´ng gian : HÆ¡i tráº­t nhÆ°ng áº¥m cÃºng á»Ÿ Ä‘Ã¢y cÃ³ diá»ƒm Ä‘áº·c biá»‡t Ä‘Ã³ lÃ  khÃ´ng cÃ³ wifi"
"MÃ¬nh khÃ¡ thÃ­ch Ä‘á»“ Äƒn á»Ÿ Ä‘Ã¢y. Äá»“ Äƒn á»Ÿ Ä‘Ã¢y ráº» mÃ  ngon. Vá»›i mÃ¬nh thÃ¬ má»³ Ã ráº¥t ngon. Sá»‘t spaghetti Ä‘Æ°á»£c Viá»‡t hoÃ¡ nÃªn ráº¥t dá»… Äƒn. Pizza cÅ©ng ngon. 
Má»—i tá»™i QuÃ¡n lÃºc nÃ o cÅ©ng Ä‘Ã´ng, báº¥t ká»ƒ giá»¯a tuáº§n hay cuá»‘i tuáº§n, nÃªn láº§n nÃ o cÅ©ng pháº£i chá» khÃ¡ lÃ¢u má»›i cÃ³ Ä‘á»“. KhÃ´ng gian quÃ¡n cÅ©ng hÆ¡i cháº­t chá»™i. Vá»›i má»™t Ä‘á»©a khÃ´ng thÃ­ch ngá»“i khoanh chÃ¢n bÃ³ gá»‘i nhÆ° mÃ¬nh thÃ¬ khÃ´ng Ä‘Æ°á»£c thoáº£i mÃ¡i láº¯m )) NhÆ°ng khÃ´ng sao cháº¥t lÆ°á»£ng Ä‘á»“ Äƒn bÃ¹ Ä‘áº¯p táº¥t cáº£ lÃ  oki háº¿t ^^ 
NÃ³i chung Ä‘Ã¢y lÃ  sá»± lá»±a chá»n tá»‘t náº¿u muá»‘n Äƒn ngon giÃ¡ cáº£ phÃ¹ há»£p."
"Muá»‘n Äƒn Spaghetti giÃ¡ ráº», cháº¥t lÆ°á»£ng oke thÃ¬ spaghetti box lÃ  lá»±a chá»n k tá»“i. MÃ¬nh cÅ©ng Äƒn á»Ÿ quÃ¡n tá»« ráº¥t lÃ¢u r. NhÆ°ng chÆ°a láº§n nÃ o mÃ¬nh tháº¥y k hÃ i lÃ²ng nhÆ° hÃ´m vá»«a rá»“i. MÃ¬nh vÃ  báº¡n mÃ¬nh Ä‘áº¿n tá»« lÃºc phÃ²ng Äƒn chá»‰ cÃ³ vÃ i khÃ¡ch, tÃ­nh ra bÃ n mÃ¬nh lÃ  bÃ n thá»© 3 gá»i mÃ³n. 2 nÆ°á»›c, 1 pizza, 2 spaghetti. Báº¡n nvien cÃ³ nÃ³i vá»›i mÃ¬nh ráº±ng Ä‘á»“ Äƒn sáº½ lÃªn trong khoáº£ng 20'. Rá»“i k hiá»ƒu vÃ¬ lÃ­ do gÃ¬, Ä‘áº¿n khi khÃ¡ch Ä‘áº¿n tráº­t kÃ­n cÃ¡c bÃ n, Ä‘á»“ Äƒn cá»§a cÃ¡c bÃ n khÃ¡c Ä‘Ã£ lÃªn dÃ¹ há» order sau thÃ¬ váº«n chÆ°a tháº¥y cá»§a bÃ n mÃ¬nh Ä‘Ã¢u. Ráº¥t nhiá»u khÃ¡ch cÅ©ng chá»n loáº¡i má»³ Ã½ nhÆ° bá»n mÃ¬nh, mÃ  k hiá»ƒu sao bÃ n mÃ¬nh pháº£i chá» lÃ¢u nhÆ° váº­y. Sau nhiá»u láº§n há»i cÃ¡c báº¡n nvien, thÃ¬ cuá»‘i cÃ¹ng má»³ vÃ  bÃ¡nh cá»§a bÃ n mÃ¬nh cÅ©ng Ä‘c mang lÃªn lÃºc 7h, dÃ¹ trÃªn phiáº¿u order lÃ  tá»« 6h15."
"Äáº¿n Sbox thÃ¬ mÃ¬nh cá»© mÃ¬ Classic vá»›i Bolo mÃ  gá»i, nÃ³i ngon thÃ¬ khÃ´ng háº³n lÃ  ngon mÃ  nÃ³i chÃ¡n thÃ¬ cÅ©ng khÃ´ng pháº£i ğŸ˜© NÃ³i chung Ä‘Ã¢y lÃ  má»™t chá»— mÃ  khi háº¿t tiá»n nhÆ°ng thÃ¨m mÃ¬ Ã thÃ¬ mÃ¬nh sáº½ Ä‘áº¿n. Con báº¡n mÃ¬nh cÃ³ Äƒn pizza á»Ÿ Sbox vÃ  bá»‹ Ä‘au bá»¥ng, lÃºc Ä‘áº¥y nÃ³ cÅ©ng nÃ³i ghÃª láº¯m, báº£o lÃ  khÃ´ng Äƒn ná»¯a nÃ y ná» nhÆ°ng giá» váº«n gá»i :)) Ä‘áº¿ bÃ¡nh Ä‘Ã£ Ä‘á»¡ hÆ¡n khi khÃ´ng cÃ²n nhÆ° bÃ¡nh mÃ¬, cheese thÃ¬ mÃ¬nh khÃ´ng hiá»ƒu ngÆ°á»i ta lÃ m tháº¿ nÃ o mÃ  bÃ¡nh váº«n cÃ²n áº¥m nhÆ°ng cheese khÃ´ng cháº£y dÃ¹ chá»‰ má»™t chÃºt, bÃ³c ra Ä‘Æ°á»£c nhÆ° bÃ³c bÄƒng dÃ­nh luÃ´n"
Äi Äƒn 2 ngÆ°á»i mÃ  tÃ­nh ra má»—i ngÆ°á»i khoáº£ng 50k.
"ÄÃ£ cÃ³ dá»‹p qua 2 cÆ¡ sá»Ÿ gáº§n nhÃ  lÃ  GVM vÃ  NT thÃ¬ Ä‘iá»ƒm chung Ä‘á»u lÃ .. Ä‘Ã´ng kinh khá»§ng. Theo mÃ¬nh sá»©c háº¥p dáº«n cá»§a quÃ¡n Ä‘áº¿n tá»« giÃ¡ vÃ  Ä‘á»“ Äƒn thÃ¬ luÃ´n á»•n Ä‘á»‹nh dÃ¹ á»Ÿ cÆ¡ sá»Ÿ nÃ o. Khá»i pháº£i nÃ³i chá»‰ cáº§n rÃºt vÃ­ cho khoáº£ng 100k/ngÆ°á»i lÃ  báº¡n cÃ³ thá»ƒ no láº·c lÃ¨ rá»“i. Vá»›i mÃ¬nh sáº½ lÃ  combo: má»³ + pizza(gÃ ) + salad. Thá»‰nh thoáº£ng dáº«n báº¡n bÃ¨ Ä‘áº¿n Ä‘Ã¢y cÅ©ng lÃ  sá»± lá»±a chá»n khÃ´ng quÃ¡ tá»“i. 

Tuy nhiÃªn thÃ¬ khÃ´ng gian cÃ³ váº» hÆ¡i bÃ­ vÃ  cháº­t chá»™i chÄƒng. Vá»›i 1 Ä‘á»©a khÃ´ng giá»i khoanh chÃ¢n nhÆ° mÃ¬nh thÃ¬ Ä‘Ãºng lÃ  cáº§n 1 giáº£i phÃ¡p ğŸ˜‚. HÆ¡n ná»¯a quÃ¡n Ä‘Ã´ng báº¥t ká»ƒ trong tuáº§n hay cuá»‘i tuáº§n, dáº«n Ä‘áº¿n tÃ¬nh tráº¡ng chá» order lÃ¢u mÃ  chá» Ä‘á»“ cÅ©ng lÃ¢u Ã½, nhÆ°ng mÃ¬nh nghÄ© ai Ä‘áº¿n Ä‘Ã¢y cÅ©ng xÃ¡c Ä‘á»‹nh lÃ  chá» dÃ i cá»• rá»“i nhá»‰. ChÆ°a ká»ƒ tá»« xÆ°a Ä‘áº¿n nay quÃ¡n cÃ²n khÃ´ng chá»‹u ""mang wifi vá» báº£n"" ná»¯a nÃªn muá»‘n chá»‘ng cháº¿ thá»i gian cÅ©ng khÃ³. :(

Láº§n gáº§n nháº¥t mÃ¬nh trá»Ÿ láº¡i cÃ³ sá»± thay Ä‘á»•i vá» thá»i gian chá» Ä‘á»“, nghÄ©a lÃ  cÃ³ Ä‘á»“ nhanh hÆ¡n vÃ  khÃ´ng pháº£i giá»¥c láº§n nÃ o. Duy chá»‰ cÃ³ cÆ¡ sá»± vá» chá»‹ nhÃ¢n viÃªn order. LÃºc mÃ¬nh vÃ o thÃ¬ may cÃ³ 1 bÃ n vá»«a ká»‹p Ä‘á»©ng dáº­y, vá»›i 1 Ä‘á»©a thuá»™c ngÃ nh dá»‹ch vá»¥ hÆ¡n 4 nÄƒm mÃ¬nh biáº¿t táº¿ nhá»‹ lÃ  tháº¿ nÃ o. MÃ¬nh báº£o: "" Chá»‹ Æ¡i, chá»‹ CÃ“ THá»‚ dá»n bÃ n nÃ y giÃºp em Ä‘Æ°á»£c khÃ´ng?"" thÃ¬ chÆ°a dá»©t lá»i chá»‹ Ä‘Ã£ nÃ©m cho mÃ¬nh má»™t cÃ¡i nhÃ¬n viÃªn Ä‘áº¡n rá»“i. Thá»±c sá»± khÃ³ hiá»ƒu nhá»‰ ğŸ˜¶ MÃ¬nh nghÄ© lÃ  cÃ ng Ä‘Ã´ng thÃ¬ nhÃ¢n viÃªn cÃ ng Ä‘Æ°á»£c trau dá»“i vá» nhá»¯ng cÃ¡i cÆ¡ báº£n nhÆ° tháº¿ chá»© )))

NhÆ°ng thá»±c sá»± chá»‰ lÃ  ""con sÃ¢u lÃ m ráº§u ná»“i canh"" thÃ´i nÃªn náº¿u cÃ³ ai rá»§ thÃ¬ mÃ¬nh váº«n Ä‘i Ä‘áº¥yy, vÃ¬ Ráºº mÃ .. Ah cÃ²n bonus cho cÃ¡c báº¡n lÃ  mÃ¬nh hay qua quÃ¡n NT vÃ¬ hÃ nh lang táº§ng 1 cÃ³ cá»­a sá»• nhÃ¬n trá»™m ra bar nhÃ  hÃ ng xÃ³m nhÃ©, láº§n nÃ o Ä‘áº¿n mÃ¬nh cÅ©ng Ä‘Æ°á»£c ngáº¯m cÃ¡c chá»‹ Ä‘ang ngoÃ¡y tráº¯ng nhÆ° Ngá»c Trinh thÃ´i, sÆ°á»›ng máº¯t láº¯mmmm, em mÃ¬nh Ä‘i cÃ¹ng cÃ²n quay Ä‘Æ°á»£c cáº£ clip hihiii ğŸ˜‚"
"MÃ¬nh khÃ¡ thÃ­ch Ä‘á»“ Äƒn á»Ÿ Ä‘Ã¢y, Vá»›i mÃ¬nh thÃ¬ má»³ cá»±c ngon. Pizza cÅ©ng ráº¥t ngon. QuÃ¡n lÃºc nÃ o cÅ©ng Ä‘Ã´ng nhÆ°ng phá»¥c vá»¥ nhanh, háº§u nhÆ° ko pháº£i chá» máº¥y.. ngá»“i nÃ³i chuyá»‡n 1 lÃºc mÃ  Ä‘á»“ Äƒn Ä‘Ã£ bÆ°ng ra rÃ¹i, mÃ¬nh cÅ©ng báº¥t ngá» vÃ¬ quÃ¡n Ä‘Ã´ng mÃ  phá»¥c vá»¥ khÃ¡ lÃ  nhanh nhÆ° váº­y. Háº§u nhÆ° láº§n nÃ o Äƒn S-box Ä‘á»u lÃ  Äƒn á»Ÿ quÃ¡n vÃ¬ Ä‘á»“ Äƒn mÃ  nguá»™i lÃ  Äƒn máº¥t ngon Ä‘i háº³n, nháº¥t lÃ  pizza. NhÆ°ng htrc ngá»“i vp thÃ¨m quÃ¡ há»©ng lÃªn gá»i pizza vá» Äƒn, mÃ¬nh gá»i qua delivery luÃ´n.. Gá»i nhÆ°ng váº«n tháº¥p thá»m vÃ¬ sá»£ giao Ä‘áº¿n trá»i láº¡i láº¡nh nhÆ° nÃ y sáº½ nguá»™i máº¥t mÃ  pizza nguá»™i Ä‘i thÃ¬ Äƒn ko ngon tÃ­ nÃ o. NhÆ°ng khi giao Ä‘áº¿n thÃ¬ pizza váº«n nÃ³ng hÃ´i há»•i nhÆ° Äƒn á»Ÿ quÃ¡n luÃ´n Ã½... cá»±c kÃ¬ Æ°ng Ã½ Delivery vá» Ä‘iá»ƒm nÃ y â¤ï¸â¤ï¸ .Máº·c dÃ¹ sau nÃ y Äƒn bao nhiÃªu quÃ¡n khÃ¡c thÃ¬ S-box váº«n giá»¯ vá»‹ trÃ­ Ä‘áº·c biá»‡t trong tim.. nhÆ° tÃ¬nh Ä‘áº§u Ã½ hihi"
"Spaghetti box lÃ  Ä‘á»‹a Ä‘iá»ƒm quen thuá»™c vá»›i há»c sinh, sinh viÃªn rá»“i. VÃ¬ giÃ¡ ráº» ( pizza giao Ä‘á»™ng tá»« 40-48k, má»³ Ã thÃ¬ khoáº£ng 25-40k) rá»“i cÃ²n vÃ´ vÃ n nhá»¯ng mÃ³n Äƒn kÃ¨m khÃ¡c cÅ©ng siÃªu siÃªu ngon ná»¯a. MÃ³n khoÃ¡i kháº©u cá»§a mÃ¬nh lÃ  Má»³ Creamy chicken, thá»±c sá»± trÆ°á»›c giá» toÃ n gá»i loáº¡i nÃ y, kem bÃ©o ngáº­y, thá»‹t gÃ  Ä‘áº­m Ä‘Ã  Äƒn cÃ¹ng má»³ vÃ´ cÃ¹ng vá»«a miá»‡ng. BÃªn cáº¡nh Ä‘Ã³ cÃ³ 2 loáº¡i pizza mÃ¬nh hay gá»i lÃ  pizza cheese vÃ  pizza bÃ² dá»©a. Ä‚n táº¡i quÃ¡n thÃ¬ mÃ¬nh thÆ°á»ng chá»n thá»i gian quÃ¡ giá» Äƒn trÆ°a 1 chÃºt (táº§m 12h30 hoáº·c 1h chiá»u) vÃ¬ quÃ¡n sáº½ Ä‘á»¡ Ä‘Ã´ng hÆ¡n. Thi thoáº£ng mÃ¬nh vá»›i báº¡n bÃ¨ cÃ¹ng cÃ´ng ty hay Ä‘áº·t qua deliverynow Ä‘á»ƒ Ä‘c khuyáº¿n mÃ£i cÅ©ng nhÆ° khá»i máº¥t cÃ´ng ra quÃ¡n chá» ( cÃ³ khi giá» cao Ä‘iá»ƒm ngá»“i Ä‘á»£i á»Ÿ quÃ¡n cháº¯c pháº£i 30p má»›i cÃ³ Ä‘á»“ Äƒn :((( )"
"QuÃ¡n design khÃ¡ Ä‘áº¹p, Ä‘áº·c biá»‡t lÃ  khÃ´ng cÃ³ wifi Ä‘á»ƒ má»i ngÆ°á»i nÃ³i chuyá»‡n vá»›i nhau nhÆ° nÄƒm 1995( trÃªn tÆ°á»ng quÃ¡n cÃ³ táº¥m biá»ƒn ghi váº­y). CÃ³ chá»— Ä‘á»ƒ xe á»Ÿ phÃ­a dÆ°á»›i chá»© khÃ´ng pháº£i Ä‘á»ƒ á»Ÿ quÃ¡n. Äá»‘i diá»‡n quÃ¡n lÃ  trÆ°á»ng há»c cÃ³ khÃ¡ nhiá»u há»c sinh quá»‘c táº¿ nÃªn báº¡n nÃ o muá»‘n ngáº¯m TÃ¢y thÃ¬ nÃªn Ä‘áº¿n Ä‘Ã¢y nháº¥t lÃ  vÃ o giá» tan há»c. Gá»i mÃ³n xong thÃ¬ nhÃ¢n viÃªn báº£o Ä‘á»£i 15-20p nÃªn cÅ©ng hÆ¡i sock nhÆ°ng cháº¯c Ä‘i vÃ o lÃºc 3-4h chiá»u nÃªn chÆ°a Ä‘Ã´ng láº¯m chá»‰ pháº£i Ä‘á»£i 10p. NÃªn Äƒn pizza sá»‘ 3. Äáº¿ bÃ¡nh khÃ¡ má»ng vÃ  giÃ²n nhÆ°ng cháº¯c do Ä‘Ã³i nÃªn váº«n ok ğŸ‘ŒğŸ‘Œ"
"ğŸŒ½ QuÃ¡n quen má»—i khi tá»¥ táº­p báº¡n bÃ¨ mÃ  háº¿t tiá»n. 
ğŸŒ½ MÃ¬ Ã½ á»Ÿ Ä‘Ã¢y cháº¯c cá»© chá»n máº¥y vá»‹ cÆ¡ báº£n lÃ  dá»… Äƒn nháº¥t. MÃ¬nh tháº¥y vá»‹ cx k cÃ³ sÆ°h khÃ¡c biá»‡t máº¥y ğŸ˜‚ğŸ˜‚ğŸ˜‚ nÃªn k nhá»› Ä‘Ã£ gá»i vá»‹ gÃ¬ 
ğŸŒ½ GiÃ¡ thÃ¬ ráº» phÃ¹ há»£p hs, sv
ğŸŒ½ QuÃ¡n bÃ©, Ä‘Ã´ng, cháº­t vÃ  k cÃ³ wifi"
MÃ¬nh Ä‘áº¿n Sâ€™box cháº¯c chá»¥c láº§n rá»“i. Láº§n nÃ o cÅ©ng Äƒn no nÃª má»›i vá». Äá»“ Äƒn á»Ÿ Ä‘Ã¢y ráº» mÃ  ngon. Cháº¯c ngon nháº¥t lÃ  mÃ¬. Pizza Äƒn bÃ¬nh thÆ°á»ng cáº£m giÃ¡c hÆ¡i giá»‘ng bÃ¡nh mÃ¬ tam giÃ¡c.ğŸ˜‚ . KhÃ´ng gian hÆ¡i cháº­t. Má»—i láº§n vÃ o bÃ n lÃ  pháº£i cá»Ÿi giáº§y hÆ¡i khÃ³ chá»‹u vÃ¬ mÃ¬nh máº·c vÃ¡y má»—i láº§n cuá»‘i xuá»‘ng Ä‘á»ƒ thÃ¡o giáº§y vá»«a ngáº¡i vá»«a hÆ¡i váº¥t. BÃ n hÆ¡i nhá» vÃ¬ Ä‘Ä©a á»Ÿ Ä‘Ã¢y khÃ¡ lá»›n kÃª háº¿t lÃªn máº·t bÃ n cÅ©ng hÆ¡i khÃ³. Äá»“ Äƒn lÃªn hÆ¡i lÃ¢u nhÆ°ng dáº¡o nÃ y cÃ³ váº» Ä‘Ã£ nhanh hÆ¡n trÆ°á»›c nhiá»u khÃ´ng biáº¿t lÃ  do Ã­t khÃ¡ch hay sao. Káº¿t luáº­n lÃ  Ä‘á»“ Äƒn phÃ¹ há»£p vá»›i giÃ¡ tiá»n.
"MÃ¬nh Äƒn á»Ÿ Ä‘Ã¢y Ä‘Æ°á»£c máº¥y nÄƒm, ngoáº¡i trá»« Ä‘á»“ Äƒn lÃªn hÆ¡i cháº­m má»™t xÃ­u nhÆ°ng vá» cÆ¡ báº£n lÃ  mÃ¬ ráº¥t vá»«a miá»‡ng, sá»£i mÃ¬ bÃ³ng má»m má»m, zai vá»«a pháº£i sá»‘t Ä‘áº­m Ä‘Ã . MÃ¬nh Ä‘Ã£ thá»­ lÃ m vÃ i láº§n nhÆ°ng ko Ä‘Æ°á»£c nhÆ° nÃ y nÃªn cá»© lÃºc nÃ o thÃ¨m lÃ  mÃ¬nh láº¡i cháº¡y Ä‘áº¿n Ä‘Ã¢y Äƒn 2 Ä‘Ä©a cho sÆ°á»›ng cÃ¡i mÃ²m. Ä‚n xong lÃ  no láº·c lÃ¨ luÃ´n :D MÃ¬nh ráº¥t thÃ­ch pizza cheese á»Ÿ Ä‘Ã¢y, láº§n nÃ o Ä‘áº¿n Äƒn mÃ¬nh cÅ©ng gá»i má»™t chiáº¿c. BÃ¡nh nÃ³ng há»•i, thÆ¡m thÆ¡m, ngáº­y ngáº­y cho xÃ­u tÆ°Æ¡ng á»›t thÃ´i, cáº¯n miáº¿ng nÃ o vÃ o miáº¿ng áº¥y, hÆ°Æ¡ng cheese ngáº­p miá»‡ng, Äƒn mÃ¹a láº¡nh láº¡nh thÃ¬ cá»±c Ä‘Ã£."
"Äi vá» muá»™n, tiá»‡n Ä‘Æ°á»ng vá» nhÃ , cÅ©ng á»Ÿ gáº§n nhÃ  mÃ¬nh nÃªn ráº½ qua Spaghetti Box NÃºi TrÃºc Ä‘á»ƒ mua má»³ vá» Äƒn. Spaghetti thÃ¬ á»Ÿ Ä‘Ã¢y dÃ¹ cháº³ng ngon láº¯m, nhÆ°ng cÅ©ng gá»i lÃ  Äƒn Ä‘Æ°á»£c vÃ  giÃ¡ cáº£ thÃ¬ ráº» hÆ¡n nhiá»u so vá»›i cÃ¡c nhÃ  hÃ ng thiÃªn vá» Ä‘á»“ Äƒn kiá»ƒu Italia má»³ á»‘ng vÃ  pizza. DÃ¹ bÃ¢y giá» cÃ¡c nhÃ  hÃ ng Ä‘áº¥y ngÆ°á»i ta khÃ´ng dÃ¹ng má»³ spaghetti sá»£i nhá» nhÆ° á»Ÿ Ä‘Ã¢y, sá»‘t cÅ©ng ngon hÆ¡n, Ä‘áº·c biá»‡t lÃ  sá»‘t kem á»Ÿ SBox hoÃ n toÃ n kÃ©m xa so vá»›i á»Ÿ bÃªn ngoÃ i, nhÆ°ng lÃ  lá»±a chá»n phÃ¹ há»£p cho há»c sinh sinh viÃªn vÃ  nhá»¯ng ngÆ°á»i Ä‘ang cáº§n tiáº¿t kiá»‡m. KhÃ´ng gian á»Ÿ Ä‘Ã¢y khÃ¡ háº¡n cháº¿, á»Ÿ trÃªn gÃ¡c táº§ng 1 lÃ  quáº§y thu ngÃ¢n order, tráº§n khÃ¡ tháº¥p vÃ  dá»… bá»‹ Ä‘á»¥ng Ä‘áº§u."
"Tá»‘i hÃ´m qua mÃ¬nh Ä‘Æ°á»£c dáº«n Ä‘i Äƒn S'Box, sau khi Ä‘i vá» ngay láº­p tá»©c ghim S'Box vÃ o list nhá»¯ng quÃ¡n Äƒn ngon. MÃ¬nh Ä‘Ã¡nh giÃ¡ cao sá»± Ä‘áº§u tÆ° cá»§a S'Box cho viá»‡c trang trÃ­ Halloween, khi má»›i bÆ°á»›c vÃ o Ä‘áº­p ngay vÃ o máº·t lÃ  cÃ¡i bÃ n cÃ³ Ä‘áº§u ngÆ°á»i kia, Ã´i lÃºc Ä‘áº§u thÃ­ch láº¯m cá»© tÆ°á»Ÿng lÃ  cÃ¡i Ä‘áº§u ma nÆ¡ canh thÃ´i tháº¿ lÃ  cá»© vá»«a Ä‘i vá»«a nhÃ¬n vÃ¬ hay hayğŸ˜‚ ""sao tá»± dÆ°ng con ma nÆ¡ canh nÃ y cá»© nhÃ¬n cháº±m cháº±m khiáº¿p tháº¿ nhá»‰"" 4 máº¯t nhÃ¬n nhau xong bá»‹ hÃ¹ 1 cÃ¡i tÃ­ thÃ¬ ngÃ£ ra Ä‘áº¥t, ngÆ°á»i tháº­t omg)))))))))))))))) khÃ´ng rÃµ quÃ¡n cÃ³ máº¥y táº§ng ná»¯a, bá»n mÃ¬nh ngá»“i á»Ÿ táº§ng 3, cáº§u thang cÃ³ dÃ¡n máº¥y cÃ¡i hÃ¬nh bÃ n tay mÃ  chÆ°a chá»¥pğŸ˜‚ Ä‘i khÃ´ng Ä‘á»ƒ Ã½ cá»© tháº¥y cÃ¡i gÃ¬ Ä‘en Ä‘en cháº¡m vÃ o ngÆ°á»i giáº­t cáº£ mÃ¬nh)))) lÃªn Ä‘áº¿n phÃ²ng thÃ¬ á»Ÿ giá»¯a phÃ²ng cÃ³ treo cÃ¡i ""xÃ¡c khÃ´ng Ä‘áº§u"" kia vá»«a Äƒn vá»«a nhÃ¬n nÃ³ Ä‘ung Ä‘Æ°a trong giÃ³))))))))))))))))))))))))) Ä‘áº·c biá»‡t quÃ¡n khÃ´ng cÃ³ wifi, cÅ©ng tháº¯c máº¯c lÃ  sao láº¡i k cÃ³ wifi)))) thÃ¬ tháº¥y 1 cÃ¡i báº£ng ""Xin lá»—i S'Box chÃºng tÃ´i khÃ´ng cÃ³ wifi, hÃ£y nÃ³i chuyá»‡n vá»›i nhau vÃ  giáº£ vá» Ä‘Ã¢y lÃ  nÄƒm 1995"", 1 Ä‘iá»ƒm áº¥n tÆ°á»£ng ná»¯a, Ä‘Ã¨n á»Ÿ Ä‘Ã¢y cÃ³ váº» lÃ m cho khÃ´ng gian hÆ¡i bá»‹ tá»‘i nhÆ°ng mÃ¹a Ä‘Ã´ng Ä‘áº¿n cÃ¹ng báº¡n bÃ¨ ngÆ°á»i yÃªu ngÆ°á»i thÃ¢n thá»±c sá»± ráº¥t áº¥m cÃºng, má»i ngÆ°á»i cÃ³ thá»ƒ nÃ³i chuyá»‡n vui váº» vá»›i nhau vÃ  cÃ¹ng nhau thÆ°á»Ÿng thá»©c Ä‘á»“ Äƒn, khÃ´ng bá»‹ ngÄƒn cÃ¡ch bá»Ÿi máº¡ng xÃ£ há»™i. Äá»“ Äƒn á»Ÿ Ä‘Ã¢y thá»±c sá»± ráº¥t ráº», ráº» nhÆ°ng Ä‘i Ä‘Ã´i vá»›i cháº¥t lÆ°á»£ng! HoÃ n toÃ n xá»©ng Ä‘Ã¡ng. MÃ¬nh Ä‘i 4 ngÆ°á»i, gá»i 1 pizza 2 spaghetti 2 salad khoai vÃ  2 pepsi mÃ  chá»‰ máº¥t Ä‘Ã¢u khoáº£ng 200k. Vá» pháº§n pizza lÃ  pizza cÃ¡ ngá»« cáº¯n tháº¥y miáº¿ng cÃ¡ luÃ´n vá»‹ ráº¥t ngon, bÃ¡nh má»m khÃ´ng bá»‹ á»‰u khÃ´ng bá»‹ cá»©ng. 2 spaghetti mÃ¬nh cÅ©ng quÃªn háº¿t tÃªn rá»“i náº¿u ai muá»‘n tham kháº£o mÃ¬nh sáº½ Ä‘á»ƒ tÃªn cÃ¡c mÃ³n á»Ÿ pháº§n cmt nhÃ©ğŸ˜—1 lÃ  sá»‘t kem, thá»±c sá»± khi Ä‘i Äƒn spaghetti khÃ´ng bao giá» mÃ¬nh thá»­ sá»‘t kem vÃ¬ nghÄ© nÃ³ sáº½ ngáº¥y nhÆ° lÃ  cho mayonnaise vÃ o váº­y ghÃ©t cá»±c cá»±c, nhÆ°ng mÃ³n nÃ y Ä‘Ã£ lÃ m thay Ä‘á»•i suy nghÄ© cá»§a mÃ¬nh. Sá»‘t kem khÃ´ng quÃ¡ ngáº­y, thÆ¡m thÆ¡m cÃ¹ng vá»›i thá»‹t hun khÃ³i má»m, Ä‘á»§ Ä‘á»ƒ khiáº¿n ngÆ°á»i ta khÃ´ng bá»‹ ngáº¥y thá»±c sá»± ráº¥t ngon tháº­m chÃ­ cáº£m tÆ°á»Ÿng Äƒn háº³n 2 Ä‘Ä©a cÅ©ng Ä‘Æ°á»£cğŸ˜‚ nhÆ°ng cÃ³ láº½ tÃ¹y ngÆ°á»i thÃ´i vÃ¬ chá»‹ mÃ¬nh Äƒn láº¡i tháº¥y ngáº¥y??:(((. 2 lÃ  spaghetti sá»‘t thá»‹t bÃ² mÃ³n nÃ y cÅ©ng tÆ°Æ¡ng Ä‘á»‘i á»•n tuy nhiÃªn khÃ´ng gÃ¢y Ä‘Æ°á»£c áº¥n tÆ°á»£ng gÃ¬ láº¯m. Vá» pháº§n nhÃ¢n viÃªn thÃ¬ chá»‰ á»•n thÃ´i :(((( mÃ¬nh cÃ³ mang theo Ä‘á»“ uá»‘ng á»Ÿ ngoÃ i vÃ o lÃºc ra vá» váº«n k háº¿t nÃªn cÃ³ xin cÃ¡i tÃºi Ä‘á»ƒ mang vá» thÃ¬ cÃ³ anh nhÃ¢n viÃªn hÆ¡i bÄƒn khoÄƒn xong cÅ©ng Ä‘em cho mÃ¬nh cÃ¡i tÃºi rá»“i há»i ""chá»‹ Äƒn á»Ÿ Ä‘Ã¢y hay chá»‹ Äƒn xong rá»“i"" cáº£m tháº¥y hÆ¡i bá»‹ ngáº¡i..ğŸ˜­ğŸ˜­ğŸ˜­ Ã  Ä‘áº·c biá»‡t quÃ¡n cÃ²n táº·ng tháº¡ch nhÃ¢n dá»‹p halloween nhÃ©, lÃ  tháº¡ch dá»«a vá»›i siro dÃ¢u Äƒn mÃ¡t lÃ©m. Tá»•ng thá»ƒ láº¡i quÃ¡n lÃ  1 nÆ¡i thÃ­ch há»£p Ä‘á»ƒ Ä‘áº¿n cÃ¹ng báº¡n bÃ¨ ngÆ°á»i thÃ¢n hay háº¹n hÃ², Ä‘Ã¡ng Ä‘á»ƒ thá»­â¤"
"Spaghetti box lÃ  má»™t cÃ¡i gÃ¬ Ä‘Ã³ ráº¥t ráº¥t cáº£m tÃ¬nh! MÃ¬nh order spaghetti size Ä‘Ãºp Äƒn kÃ¨m phomat, pizza sá»‘ 1 vÃ  sá»‘ 3 thÃªm salad gÃ  nÆ°á»›ng bÆ¡ ná»¯a. 
Sá»‘t spaghetti Ä‘Æ°á»£c Viá»‡t hoÃ¡ nÃªn ráº¥t dá»… Äƒn, phÃ¹ há»£p vá»›i má»™t sá»‘ báº¡n chÆ°a quen hÆ°Æ¡ng vá»‹ TÃ¢y. Pizza cháº¥t lÆ°á»£ng tá»‘t, salad á»•n. 
Má»™t Ä‘iá»ƒm cá»™ng khi mua take away lÃ  cÃ¡c loáº¡i há»™p Ä‘á»±ng ráº¥t cháº¯c cháº¯n vÃ  vá»‡ sinh
Sáº½ quay láº¡i !"





















































































































































































